id_csv,gg_ads_url,run_no,advertiserDomain,third_domain,channel
443,https://www.googleadservices.com/pagead/aclk?sa=L&ai=C-IfS0tnQadrmFeuCjeYP8Y3YiQbmtP_vhQHIr4qEgRPv06K9wAEQASCVltshYImLxIT0E6AB2LCh7wPIAQmpApeGS1BMJrY-qAMByAPLBKoEhAJP0LP5zMlr7aUDeN1VY1astem2haFjQ37vNrm5zJHbV7sDxcaPrQgorK3di4Cv8xXCoLBSGPbcEWOQlIyCK87ebIE4Wso1Wwk57IrtPPmJr_v1CDpOmGcS0hp6BLOyj-3wEyK_E38eGfX4qbhz8UMjOjX9Vi3uI_Uid3Vu6C-QpFSCQhQJ0R0lffPt4AJUHIUQI7OJYBCKVusLUiued2f4cvJZg7J7KfSWUfPB9nm0Sg4ELh-khDu3OaybzA0n1_nJdvB4yHGjHc0zQQXNx-Pz0reWU57jqyGeOR_vDrUaIIISUE5NPZ65ZrXdT0rVm-PDqNPPtqpOufBRWDZVJZRBSTeKBsAE-vz27_QEiAWG0P6sUfoFBgglEAEYAKAGLoAHir7J1AOoB6fMsQKoB6a-G6gHzM6xAqgH89EbqAeW2BuoB6qbsQKoB47OG6gHk9gbqAfw4BuoB-6WsQKoB_6esQKoB6--sQKoB9m2sQKoB5oGqAf_nrECqAffn7ECqAf4wrEC2AcA-gcbbmV0LnNreXNjYW5uZXIuYW5kcm9pZC5tYWluwAgB0ggwCIBhEAEYnwMyCIqCgICAgIAIOg6AQIDAgICAgKiAAqiDEEi9_cE6WJeAyP3w05MDgAoBkAsDmAsByAsBgAwBogwCSAGqDQJKUMgNAeoNEwjWncj98NOTAxVrQcMGHfEGNmHwDQKIDgnYEwvQFQHKFgIKAPgWAYAXAbIXEBgBKgo0MTUwNTkzNDEyUAa6FwI4AaoYFwkAAAAAWBcYQRIKNDE1MDU5MzQxMhgBshgJEgKgTxguIgEA0BgB6BgBwhkCCAE&ae=1&gclid=EAIaIQobChMI2pfI_fDTkwMVa0HDBh3xBjZhEAEYASABEgLPe_D_BwE&num=1&cid=CAQS0QEABaugfeJh4DnFO88nrZXD68PacfIZ88_9APWJdspCx2NUrn9INYG_zzKPg69u_xZPShL3a72SrMTXwkMmB6KR5Zz0o7tmmhKiAN-BG5SccyYpBbC10p8QHnwCHm3thRBsd_byM6CnClWiJFnnnpXrR3gD7W0pxIZjIQGnjqADy9PhivhJEFPmz1olhlft9zqOZV-lmyO1N4hKDN-1bWwafILMT9lYzYJs6RgcGnjmuUN9EAuYIm4hquDoIqtJ6TTyQo0jc8iLgEO3TsBCVuolrhgB&sig=AOD64_3URtKXmcLutu4TK1oJwSByt6Q0dg&client=ca-pub-5771594739411148&nb=9&adurl=https://www.skyscanner.ca/transport/flights/JP/KR/cheapest-flights-from-Japan-to-South-Korea.html%3Foym%3Danytime%26iym%3Danytime%26preferDirects%3Dfalse%26utm_campaign%3Dca-flights-display-midfunnel-feedbasedads%26EAIaIQobChMI2pfI_fDTkwMVa0HDBh3xBjZhEAEYASABEgLPe_D_BwE%26utm_medium%3Ddisplay%26utm_source%3Dgoogle%26utm_content%3Dfeed%26campaignid%3D21837621254%26adgroupid%3D168812199546%26AssociateID%3DDIS_FLI_19465_00000%26gad_source%3D5%26gad_campaignid%3D21837621254%26gclid%3DEAIaIQobChMI2pfI_fDTkwMVa0HDBh3xBjZhEAEYASABEgLPe_D_BwE,2,skyscanner.ca,googleadservices.com,URI
457,https://www.googleadservices.com/pagead/aclk?sa=L&ai=CufTMNNLRaeehKcWTjeYPrdfqoQnvrsLqhQHEwfP80BPf5KK9wAEQASDNno8YYIkDoAHYsKHvA8gBCakCl4ZLUEwmtj7gAgCoAwHIA8sEqgT5Ak_Qw7BaDjyQs2GRsGiQ9DgMND_iAh5chvPmCOg2-e-05ExItvEteGYVKMBGLZrNNJB8IXLylZd1fo3-MtWhSKK7wrNnPuXhdhMyoZzwdN07DzPyZ-lJ3XQm_Xk9GABL7-5vsdyBJw6LAy2zeS_rKEzQL14l-HNzi1XWMwZvL5Asq0tYW08EsPOQOSEwE8SqsZlBPgPZuDnrK3C6JBF2fT-K-FB_Y98u7wLHvR4sWdKBmvSARB3qoqLAJ7_7a8iS-gU3TR6y0t5X64D8Y4nsuJVf_kL_U6jgXC_shusFkd1KstzhNNDx42uKpccdPB6msgKZOiO5ELz8TtJJsTteV6r5I3HaMx3UqWZp9p-fgk1oO7obPBH4PHTP_A__kS_h13LHhK2LmxqZmb0MhnYFvuSK1LBRk-6WWNBQoQnrHbt86A56jn04p2ZlbS8_pOZ8hqdT7R5OwBWWcQxcm-WNWIV8upwcvp5GOlwULv9dSF0S6Ca_GGgN3ab3wASwgvf_jwXgBAGIBZz1hapR-gUGCCUQARgAoAYugAeKvsnUA6gHp8yxAqgHpr4bqAfMzrECqAfz0RuoB5bYG6gHqpuxAqgHjs4bqAeT2BuoB_DgG6gH7paxAqgH_p6xAqgHr76xAqgH2baxAqgHmgaoB_-esQKoB9-fsQKoB_jCsQLYBwD6BxtuZXQuc2t5c2Nhbm5lci5hbmRyb2lkLm1haW7ACAHSCDEIkOGAQBABGJ0BMgiLg4CAgICACjoNgECAwICAgICogAKoA0i9_cE6WP7N7-3d1ZMDgAoBkAsDmAsByAsBgAwBogwCSAGqDQJKUMgNAeINEwj7nPDt3dWTAxXFScMGHa2rOpTqDRMI3Njw7d3VkwMVxUnDBh2tqzqU8A0CiA7___________8B2BMNiBQB0BUByhYCCgD4FgGAFwGyFxAYASoKMzc4NTc4NzMyMVAGuhcCOAGqGBcJAAAAAMAWCUESCjM3ODU3ODczMjEYAbIYCRICoE8YLiIBANAYAegYAcIZAggB&ae=1&gclid=EAIaIQobChMI54vx7d3VkwMVxUnDBh2tqzqUEAEYASABEgJNYfD_BwE&num=1&cid=CAQS0gEABaugfVkRax-fqu-yBLGLuMhcf9ys019LycfRh2v0LG1VDL18ksx2uB55g7IP8kDdqJnyChU5T9G2HtFniwGWohx-mF-I6aLlu6NmwvnbdLUxr358G1nnDXKsuczBrlh4zLbBh_VTqWYIJlJOV4O2p9fcDw0Yi1JHM32xYZ68_M-xVMOwkDsjvB8WIMCyzOIZzq0w-GqCB9m77JWc2ahpRbcdiya4kvG_B0bxL60_adW7dIWx8u2h9OcrdWzAo3CnLRjiuED2Km9PeGZO1xtGLNsYAQ&sig=AOD64_3GBCWYryMV2ejKK-nNUYWngcbVyg&client=ca-pub-4075694933314520&nb=9&adurl=https://www.skyscanner.jp/transport/flights/JP/KR/cheapest-flights-from-%E6%97%A5%E6%9C%AC-%E8%A1%8C%E3%81%8D%E6%A0%BC%E5%AE%89%E8%88%AA%E7%A9%BA%E5%88%B8-%E9%9F%93%E5%9B%BD.html%3Foym%3Danytime%26iym%3Danytime%26preferDirects%3Dfalse%26utm_campaign%3Djp-flights-display-midfunnel-feedbasedads%26EAIaIQobChMI54vx7d3VkwMVxUnDBh2tqzqUEAEYASABEgJNYfD_BwE%26utm_medium%3Ddisplay%26utm_source%3Dgoogle%26utm_content%3Dfeed%26campaignid%3D21831449244%26adgroupid%3D176093511984%26AssociateID%3DDIS_FLI_19465_00000%26gad_source%3D5%26gad_campaignid%3D21831449244%26gclid%3DEAIaIQobChMI54vx7d3VkwMVxUnDBh2tqzqUEAEYASABEgJNYfD_BwE,1,skyscanner.jp,googleadservices.com,URI
457,https://www.googleadservices.com/pagead/aclk?sa=L&ai=CufTMNNLRaeehKcWTjeYPrdfqoQnvrsLqhQHEwfP80BPf5KK9wAEQASDNno8YYIkDoAHYsKHvA8gBCakCl4ZLUEwmtj7gAgCoAwHIA8sEqgT5Ak_Qw7BaDjyQs2GRsGiQ9DgMND_iAh5chvPmCOg2-e-05ExItvEteGYVKMBGLZrNNJB8IXLylZd1fo3-MtWhSKK7wrNnPuXhdhMyoZzwdN07DzPyZ-lJ3XQm_Xk9GABL7-5vsdyBJw6LAy2zeS_rKEzQL14l-HNzi1XWMwZvL5Asq0tYW08EsPOQOSEwE8SqsZlBPgPZuDnrK3C6JBF2fT-K-FB_Y98u7wLHvR4sWdKBmvSARB3qoqLAJ7_7a8iS-gU3TR6y0t5X64D8Y4nsuJVf_kL_U6jgXC_shusFkd1KstzhNNDx42uKpccdPB6msgKZOiO5ELz8TtJJsTteV6r5I3HaMx3UqWZp9p-fgk1oO7obPBH4PHTP_A__kS_h13LHhK2LmxqZmb0MhnYFvuSK1LBRk-6WWNBQoQnrHbt86A56jn04p2ZlbS8_pOZ8hqdT7R5OwBWWcQxcm-WNWIV8upwcvp5GOlwULv9dSF0S6Ca_GGgN3ab3wASwgvf_jwXgBAGIBZz1hapR-gUGCCUQARgAoAYugAeKvsnUA6gHp8yxAqgHpr4bqAfMzrECqAfz0RuoB5bYG6gHqpuxAqgHjs4bqAeT2BuoB_DgG6gH7paxAqgH_p6xAqgHr76xAqgH2baxAqgHmgaoB_-esQKoB9-fsQKoB_jCsQLYBwD6BxtuZXQuc2t5c2Nhbm5lci5hbmRyb2lkLm1haW7ACAHSCDEIkOGAQBABGJ0BMgiLg4CAgICACjoNgECAwICAgICogAKoA0i9_cE6WP7N7-3d1ZMDgAoBkAsDmAsByAsBgAwBogwCSAGqDQJKUMgNAeINEwj7nPDt3dWTAxXFScMGHa2rOpTqDRMI3Njw7d3VkwMVxUnDBh2tqzqU8A0CiA7___________8B2BMNiBQB0BUByhYCCgD4FgGAFwGyFxAYASoKMzc4NTc4NzMyMVAGuhcCOAGqGBcJAAAAAMAWCUESCjM3ODU3ODczMjEYAbIYCRICoE8YLiIBANAYAegYAcIZAggB&ae=1&gclid=EAIaIQobChMI54vx7d3VkwMVxUnDBh2tqzqUEAEYASABEgJNYfD_BwE&num=1&cid=CAQS0gEABaugfVkRax-fqu-yBLGLuMhcf9ys019LycfRh2v0LG1VDL18ksx2uB55g7IP8kDdqJnyChU5T9G2HtFniwGWohx-mF-I6aLlu6NmwvnbdLUxr358G1nnDXKsuczBrlh4zLbBh_VTqWYIJlJOV4O2p9fcDw0Yi1JHM32xYZ68_M-xVMOwkDsjvB8WIMCyzOIZzq0w-GqCB9m77JWc2ahpRbcdiya4kvG_B0bxL60_adW7dIWx8u2h9OcrdWzAo3CnLRjiuED2Km9PeGZO1xtGLNsYAQ&sig=AOD64_3GBCWYryMV2ejKK-nNUYWngcbVyg&client=ca-pub-4075694933314520&nb=9&adurl=https://www.skyscanner.jp/transport/flights/JP/KR/cheapest-flights-from-%E6%97%A5%E6%9C%AC-%E8%A1%8C%E3%81%8D%E6%A0%BC%E5%AE%89%E8%88%AA%E7%A9%BA%E5%88%B8-%E9%9F%93%E5%9B%BD.html%3Foym%3Danytime%26iym%3Danytime%26preferDirects%3Dfalse%26utm_campaign%3Djp-flights-display-midfunnel-feedbasedads%26EAIaIQobChMI54vx7d3VkwMVxUnDBh2tqzqUEAEYASABEgJNYfD_BwE%26utm_medium%3Ddisplay%26utm_source%3Dgoogle%26utm_content%3Dfeed%26campaignid%3D21831449244%26adgroupid%3D176093511984%26AssociateID%3DDIS_FLI_19465_00000%26gad_source%3D5%26gad_campaignid%3D21831449244%26gclid%3DEAIaIQobChMI54vx7d3VkwMVxUnDBh2tqzqUEAEYASABEgJNYfD_BwE,1,skyscanner.jp,googleadservices.com,COOKIE
457,https://www.googleadservices.com/pagead/aclk?sa=L&ai=CufTMNNLRaeehKcWTjeYPrdfqoQnvrsLqhQHEwfP80BPf5KK9wAEQASDNno8YYIkDoAHYsKHvA8gBCakCl4ZLUEwmtj7gAgCoAwHIA8sEqgT5Ak_Qw7BaDjyQs2GRsGiQ9DgMND_iAh5chvPmCOg2-e-05ExItvEteGYVKMBGLZrNNJB8IXLylZd1fo3-MtWhSKK7wrNnPuXhdhMyoZzwdN07DzPyZ-lJ3XQm_Xk9GABL7-5vsdyBJw6LAy2zeS_rKEzQL14l-HNzi1XWMwZvL5Asq0tYW08EsPOQOSEwE8SqsZlBPgPZuDnrK3C6JBF2fT-K-FB_Y98u7wLHvR4sWdKBmvSARB3qoqLAJ7_7a8iS-gU3TR6y0t5X64D8Y4nsuJVf_kL_U6jgXC_shusFkd1KstzhNNDx42uKpccdPB6msgKZOiO5ELz8TtJJsTteV6r5I3HaMx3UqWZp9p-fgk1oO7obPBH4PHTP_A__kS_h13LHhK2LmxqZmb0MhnYFvuSK1LBRk-6WWNBQoQnrHbt86A56jn04p2ZlbS8_pOZ8hqdT7R5OwBWWcQxcm-WNWIV8upwcvp5GOlwULv9dSF0S6Ca_GGgN3ab3wASwgvf_jwXgBAGIBZz1hapR-gUGCCUQARgAoAYugAeKvsnUA6gHp8yxAqgHpr4bqAfMzrECqAfz0RuoB5bYG6gHqpuxAqgHjs4bqAeT2BuoB_DgG6gH7paxAqgH_p6xAqgHr76xAqgH2baxAqgHmgaoB_-esQKoB9-fsQKoB_jCsQLYBwD6BxtuZXQuc2t5c2Nhbm5lci5hbmRyb2lkLm1haW7ACAHSCDEIkOGAQBABGJ0BMgiLg4CAgICACjoNgECAwICAgICogAKoA0i9_cE6WP7N7-3d1ZMDgAoBkAsDmAsByAsBgAwBogwCSAGqDQJKUMgNAeINEwj7nPDt3dWTAxXFScMGHa2rOpTqDRMI3Njw7d3VkwMVxUnDBh2tqzqU8A0CiA7___________8B2BMNiBQB0BUByhYCCgD4FgGAFwGyFxAYASoKMzc4NTc4NzMyMVAGuhcCOAGqGBcJAAAAAMAWCUESCjM3ODU3ODczMjEYAbIYCRICoE8YLiIBANAYAegYAcIZAggB&ae=1&gclid=EAIaIQobChMI54vx7d3VkwMVxUnDBh2tqzqUEAEYASABEgJNYfD_BwE&num=1&cid=CAQS0gEABaugfVkRax-fqu-yBLGLuMhcf9ys019LycfRh2v0LG1VDL18ksx2uB55g7IP8kDdqJnyChU5T9G2HtFniwGWohx-mF-I6aLlu6NmwvnbdLUxr358G1nnDXKsuczBrlh4zLbBh_VTqWYIJlJOV4O2p9fcDw0Yi1JHM32xYZ68_M-xVMOwkDsjvB8WIMCyzOIZzq0w-GqCB9m77JWc2ahpRbcdiya4kvG_B0bxL60_adW7dIWx8u2h9OcrdWzAo3CnLRjiuED2Km9PeGZO1xtGLNsYAQ&sig=AOD64_3GBCWYryMV2ejKK-nNUYWngcbVyg&client=ca-pub-4075694933314520&nb=9&adurl=https://www.skyscanner.jp/transport/flights/JP/KR/cheapest-flights-from-%E6%97%A5%E6%9C%AC-%E8%A1%8C%E3%81%8D%E6%A0%BC%E5%AE%89%E8%88%AA%E7%A9%BA%E5%88%B8-%E9%9F%93%E5%9B%BD.html%3Foym%3Danytime%26iym%3Danytime%26preferDirects%3Dfalse%26utm_campaign%3Djp-flights-display-midfunnel-feedbasedads%26EAIaIQobChMI54vx7d3VkwMVxUnDBh2tqzqUEAEYASABEgJNYfD_BwE%26utm_medium%3Ddisplay%26utm_source%3Dgoogle%26utm_content%3Dfeed%26campaignid%3D21831449244%26adgroupid%3D176093511984%26AssociateID%3DDIS_FLI_19465_00000%26gad_source%3D5%26gad_campaignid%3D21831449244%26gclid%3DEAIaIQobChMI54vx7d3VkwMVxUnDBh2tqzqUEAEYASABEgJNYfD_BwE,1,skyscanner.jp,google.com,URI
476,https://www.googleadservices.com/pagead/aclk?sa=L&ai=CXSgoM9HRabGpJaG2geAPpZGSEaSunaiGAcKw86rPFbaQHxABIM2ejxhgiQOgAfKI5NMByAEB4AIAqAMByAPLBKoE0AJP0KANDh8FxBvA_4CaBIq1DXbxPZ494x3-OCupd2iHwvG8fp5RYVyIC-eGBppNVze4sZsuEb9YABFA48-1anNDM3PVLYtJGlF5Ygm1La_nS5QPUlEKEhWXGLotn5VHcG76H7qJYDQ3WHhfql9rMAQ4U2FviAVKrHUDK8Hm9cnFZzMORThl_Wsgi4zohBnRHQupy2OjTnvSV-jbI4LY6Xachlg-3gAdOSLiyHNC7MWYtKdY4dGf-tmgdtIxZOLfQT43Yezw5FXKS6vNWjeF0GpgHV-f4_w7or6eiB8yhZj7p7YsEZferM-Hc1cKAQTxeEp7x4J8WbI5ZPJk8W95tUctdKOKAr3gYkLg3sgC-C6UkQk3L_dtkRbOaR9wJbYb8RYS-kTF5N5GlDzNyJ85Q3w7mRVzYR_kUs93onNWxzbGQEzpCXCquAnNlzjheKRbeSrABNjftcGDBeAEAYgF9tOq31CAB_b2m6wCqAenzLECqAemvhuoB8zOsQKoB_PRG6gHltgbqAeqm7ECqAeOzhuoB5PYG6gH8OAbqAfulrECqAf-nrECqAevvrECqAfVyRuoB9m2sQKoB5oGqAf_nrECqAffn7ECqAf4wrECqAf7wrEC2AcB0ggvCIBhEAEYnQEyCIqCgICAgIAIOg2AQIDAgICAgKiAAqgDSL39wTpYsPGf89zVkwOxCRs2wa2H_5l6gAoBmAsByAsBqg0CSlDIDQHiDRMIlpig89zVkwMVIVsABh2liCQC6g0TCKSiofPc1ZMDFSFbAAYdpYgkAvANAogO____________AdgTCogUAdAVAcoWAgoA-BYBgBcBshcQGAEqCjk5MTMxMTU1MTZQBroXAjgBqhgXCQAAAABuC1FBEgo5OTEzMTE1NTE2GAGyGAkSArhQGAEiAQDQGAHCGQIIAQ&ae=1&gclid=EAIaIQobChMI8Y6n89zVkwMVIVsABh2liCQCEAEYASAAEgIfVPD_BwE&num=1&cid=CAQS0gEABaugfW0WsNFy_m5WWdFgfnS_h3TqBSdzF84_ypnqA-ABhX9ubHKni5hLlkRvN19CBIgyjxuC2ozW6Bu6qSz0lRY0bLMFkSdoilINqc8EhGMybeSTUD3FE25Vt7zDXXZrSyL_7G08xj9nuWiHkLUcfP5tYGFTTK9dqBYxWRm_S9Iwsxima2uGI-RiufHnxZPPE9XJsZnkAVZQboQ6GnSdZ5KFk8ReJI6ZMgds4KY1M5TvHskwqH_l525gQ2YEbRCt92OGxOitgOa93brw92K2A8wYAQ&sig=AOD64_3zAM9uPwBipT1i7lj3KhYSrhalQg&client=ca-pub-4075694933314520&rf=1&nb=0&adurl=https://www.nalashaa.com/as400-support-and-modernization-services/%3Futm_source%3Dgoogle%26utm_medium%3Dcpc%26utm_campaign%3D%7B%7Bcampaignname%7D%7D%26utm_term%3D%7B%7D%26utm_content%3D%7B%7Badgroupname%7D%7D%26gad_source%3D5%26gad_campaignid%3D21674764790%26gclid%3DEAIaIQobChMI8Y6n89zVkwMVIVsABh2liCQCEAEYASAAEgIfVPD_BwE,1,nalashaa.com,googlesyndication.com,URI
476,https://www.googleadservices.com/pagead/aclk?sa=L&ai=CXSgoM9HRabGpJaG2geAPpZGSEaSunaiGAcKw86rPFbaQHxABIM2ejxhgiQOgAfKI5NMByAEB4AIAqAMByAPLBKoE0AJP0KANDh8FxBvA_4CaBIq1DXbxPZ494x3-OCupd2iHwvG8fp5RYVyIC-eGBppNVze4sZsuEb9YABFA48-1anNDM3PVLYtJGlF5Ygm1La_nS5QPUlEKEhWXGLotn5VHcG76H7qJYDQ3WHhfql9rMAQ4U2FviAVKrHUDK8Hm9cnFZzMORThl_Wsgi4zohBnRHQupy2OjTnvSV-jbI4LY6Xachlg-3gAdOSLiyHNC7MWYtKdY4dGf-tmgdtIxZOLfQT43Yezw5FXKS6vNWjeF0GpgHV-f4_w7or6eiB8yhZj7p7YsEZferM-Hc1cKAQTxeEp7x4J8WbI5ZPJk8W95tUctdKOKAr3gYkLg3sgC-C6UkQk3L_dtkRbOaR9wJbYb8RYS-kTF5N5GlDzNyJ85Q3w7mRVzYR_kUs93onNWxzbGQEzpCXCquAnNlzjheKRbeSrABNjftcGDBeAEAYgF9tOq31CAB_b2m6wCqAenzLECqAemvhuoB8zOsQKoB_PRG6gHltgbqAeqm7ECqAeOzhuoB5PYG6gH8OAbqAfulrECqAf-nrECqAevvrECqAfVyRuoB9m2sQKoB5oGqAf_nrECqAffn7ECqAf4wrECqAf7wrEC2AcB0ggvCIBhEAEYnQEyCIqCgICAgIAIOg2AQIDAgICAgKiAAqgDSL39wTpYsPGf89zVkwOxCRs2wa2H_5l6gAoBmAsByAsBqg0CSlDIDQHiDRMIlpig89zVkwMVIVsABh2liCQC6g0TCKSiofPc1ZMDFSFbAAYdpYgkAvANAogO____________AdgTCogUAdAVAcoWAgoA-BYBgBcBshcQGAEqCjk5MTMxMTU1MTZQBroXAjgBqhgXCQAAAABuC1FBEgo5OTEzMTE1NTE2GAGyGAkSArhQGAEiAQDQGAHCGQIIAQ&ae=1&gclid=EAIaIQobChMI8Y6n89zVkwMVIVsABh2liCQCEAEYASAAEgIfVPD_BwE&num=1&cid=CAQS0gEABaugfW0WsNFy_m5WWdFgfnS_h3TqBSdzF84_ypnqA-ABhX9ubHKni5hLlkRvN19CBIgyjxuC2ozW6Bu6qSz0lRY0bLMFkSdoilINqc8EhGMybeSTUD3FE25Vt7zDXXZrSyL_7G08xj9nuWiHkLUcfP5tYGFTTK9dqBYxWRm_S9Iwsxima2uGI-RiufHnxZPPE9XJsZnkAVZQboQ6GnSdZ5KFk8ReJI6ZMgds4KY1M5TvHskwqH_l525gQ2YEbRCt92OGxOitgOa93brw92K2A8wYAQ&sig=AOD64_3zAM9uPwBipT1i7lj3KhYSrhalQg&client=ca-pub-4075694933314520&rf=1&nb=0&adurl=https://www.nalashaa.com/as400-support-and-modernization-services/%3Futm_source%3Dgoogle%26utm_medium%3Dcpc%26utm_campaign%3D%7B%7Bcampaignname%7D%7D%26utm_term%3D%7B%7D%26utm_content%3D%7B%7Badgroupname%7D%7D%26gad_source%3D5%26gad_campaignid%3D21674764790%26gclid%3DEAIaIQobChMI8Y6n89zVkwMVIVsABh2liCQCEAEYASAAEgIfVPD_BwE,1,nalashaa.com,googleadservices.com,URI
476,https://www.googleadservices.com/pagead/aclk?sa=L&ai=CXSgoM9HRabGpJaG2geAPpZGSEaSunaiGAcKw86rPFbaQHxABIM2ejxhgiQOgAfKI5NMByAEB4AIAqAMByAPLBKoE0AJP0KANDh8FxBvA_4CaBIq1DXbxPZ494x3-OCupd2iHwvG8fp5RYVyIC-eGBppNVze4sZsuEb9YABFA48-1anNDM3PVLYtJGlF5Ygm1La_nS5QPUlEKEhWXGLotn5VHcG76H7qJYDQ3WHhfql9rMAQ4U2FviAVKrHUDK8Hm9cnFZzMORThl_Wsgi4zohBnRHQupy2OjTnvSV-jbI4LY6Xachlg-3gAdOSLiyHNC7MWYtKdY4dGf-tmgdtIxZOLfQT43Yezw5FXKS6vNWjeF0GpgHV-f4_w7or6eiB8yhZj7p7YsEZferM-Hc1cKAQTxeEp7x4J8WbI5ZPJk8W95tUctdKOKAr3gYkLg3sgC-C6UkQk3L_dtkRbOaR9wJbYb8RYS-kTF5N5GlDzNyJ85Q3w7mRVzYR_kUs93onNWxzbGQEzpCXCquAnNlzjheKRbeSrABNjftcGDBeAEAYgF9tOq31CAB_b2m6wCqAenzLECqAemvhuoB8zOsQKoB_PRG6gHltgbqAeqm7ECqAeOzhuoB5PYG6gH8OAbqAfulrECqAf-nrECqAevvrECqAfVyRuoB9m2sQKoB5oGqAf_nrECqAffn7ECqAf4wrECqAf7wrEC2AcB0ggvCIBhEAEYnQEyCIqCgICAgIAIOg2AQIDAgICAgKiAAqgDSL39wTpYsPGf89zVkwOxCRs2wa2H_5l6gAoBmAsByAsBqg0CSlDIDQHiDRMIlpig89zVkwMVIVsABh2liCQC6g0TCKSiofPc1ZMDFSFbAAYdpYgkAvANAogO____________AdgTCogUAdAVAcoWAgoA-BYBgBcBshcQGAEqCjk5MTMxMTU1MTZQBroXAjgBqhgXCQAAAABuC1FBEgo5OTEzMTE1NTE2GAGyGAkSArhQGAEiAQDQGAHCGQIIAQ&ae=1&gclid=EAIaIQobChMI8Y6n89zVkwMVIVsABh2liCQCEAEYASAAEgIfVPD_BwE&num=1&cid=CAQS0gEABaugfW0WsNFy_m5WWdFgfnS_h3TqBSdzF84_ypnqA-ABhX9ubHKni5hLlkRvN19CBIgyjxuC2ozW6Bu6qSz0lRY0bLMFkSdoilINqc8EhGMybeSTUD3FE25Vt7zDXXZrSyL_7G08xj9nuWiHkLUcfP5tYGFTTK9dqBYxWRm_S9Iwsxima2uGI-RiufHnxZPPE9XJsZnkAVZQboQ6GnSdZ5KFk8ReJI6ZMgds4KY1M5TvHskwqH_l525gQ2YEbRCt92OGxOitgOa93brw92K2A8wYAQ&sig=AOD64_3zAM9uPwBipT1i7lj3KhYSrhalQg&client=ca-pub-4075694933314520&rf=1&nb=0&adurl=https://www.nalashaa.com/as400-support-and-modernization-services/%3Futm_source%3Dgoogle%26utm_medium%3Dcpc%26utm_campaign%3D%7B%7Bcampaignname%7D%7D%26utm_term%3D%7B%7D%26utm_content%3D%7B%7Badgroupname%7D%7D%26gad_source%3D5%26gad_campaignid%3D21674764790%26gclid%3DEAIaIQobChMI8Y6n89zVkwMVIVsABh2liCQCEAEYASAAEgIfVPD_BwE,1,nalashaa.com,google-analytics.com,URI
476,https://www.googleadservices.com/pagead/aclk?sa=L&ai=CXSgoM9HRabGpJaG2geAPpZGSEaSunaiGAcKw86rPFbaQHxABIM2ejxhgiQOgAfKI5NMByAEB4AIAqAMByAPLBKoE0AJP0KANDh8FxBvA_4CaBIq1DXbxPZ494x3-OCupd2iHwvG8fp5RYVyIC-eGBppNVze4sZsuEb9YABFA48-1anNDM3PVLYtJGlF5Ygm1La_nS5QPUlEKEhWXGLotn5VHcG76H7qJYDQ3WHhfql9rMAQ4U2FviAVKrHUDK8Hm9cnFZzMORThl_Wsgi4zohBnRHQupy2OjTnvSV-jbI4LY6Xachlg-3gAdOSLiyHNC7MWYtKdY4dGf-tmgdtIxZOLfQT43Yezw5FXKS6vNWjeF0GpgHV-f4_w7or6eiB8yhZj7p7YsEZferM-Hc1cKAQTxeEp7x4J8WbI5ZPJk8W95tUctdKOKAr3gYkLg3sgC-C6UkQk3L_dtkRbOaR9wJbYb8RYS-kTF5N5GlDzNyJ85Q3w7mRVzYR_kUs93onNWxzbGQEzpCXCquAnNlzjheKRbeSrABNjftcGDBeAEAYgF9tOq31CAB_b2m6wCqAenzLECqAemvhuoB8zOsQKoB_PRG6gHltgbqAeqm7ECqAeOzhuoB5PYG6gH8OAbqAfulrECqAf-nrECqAevvrECqAfVyRuoB9m2sQKoB5oGqAf_nrECqAffn7ECqAf4wrECqAf7wrEC2AcB0ggvCIBhEAEYnQEyCIqCgICAgIAIOg2AQIDAgICAgKiAAqgDSL39wTpYsPGf89zVkwOxCRs2wa2H_5l6gAoBmAsByAsBqg0CSlDIDQHiDRMIlpig89zVkwMVIVsABh2liCQC6g0TCKSiofPc1ZMDFSFbAAYdpYgkAvANAogO____________AdgTCogUAdAVAcoWAgoA-BYBgBcBshcQGAEqCjk5MTMxMTU1MTZQBroXAjgBqhgXCQAAAABuC1FBEgo5OTEzMTE1NTE2GAGyGAkSArhQGAEiAQDQGAHCGQIIAQ&ae=1&gclid=EAIaIQobChMI8Y6n89zVkwMVIVsABh2liCQCEAEYASAAEgIfVPD_BwE&num=1&cid=CAQS0gEABaugfW0WsNFy_m5WWdFgfnS_h3TqBSdzF84_ypnqA-ABhX9ubHKni5hLlkRvN19CBIgyjxuC2ozW6Bu6qSz0lRY0bLMFkSdoilINqc8EhGMybeSTUD3FE25Vt7zDXXZrSyL_7G08xj9nuWiHkLUcfP5tYGFTTK9dqBYxWRm_S9Iwsxima2uGI-RiufHnxZPPE9XJsZnkAVZQboQ6GnSdZ5KFk8ReJI6ZMgds4KY1M5TvHskwqH_l525gQ2YEbRCt92OGxOitgOa93brw92K2A8wYAQ&sig=AOD64_3zAM9uPwBipT1i7lj3KhYSrhalQg&client=ca-pub-4075694933314520&rf=1&nb=0&adurl=https://www.nalashaa.com/as400-support-and-modernization-services/%3Futm_source%3Dgoogle%26utm_medium%3Dcpc%26utm_campaign%3D%7B%7Bcampaignname%7D%7D%26utm_term%3D%7B%7D%26utm_content%3D%7B%7Badgroupname%7D%7D%26gad_source%3D5%26gad_campaignid%3D21674764790%26gclid%3DEAIaIQobChMI8Y6n89zVkwMVIVsABh2liCQCEAEYASAAEgIfVPD_BwE,1,nalashaa.com,adroll.com,URI
476,https://www.googleadservices.com/pagead/aclk?sa=L&ai=CXSgoM9HRabGpJaG2geAPpZGSEaSunaiGAcKw86rPFbaQHxABIM2ejxhgiQOgAfKI5NMByAEB4AIAqAMByAPLBKoE0AJP0KANDh8FxBvA_4CaBIq1DXbxPZ494x3-OCupd2iHwvG8fp5RYVyIC-eGBppNVze4sZsuEb9YABFA48-1anNDM3PVLYtJGlF5Ygm1La_nS5QPUlEKEhWXGLotn5VHcG76H7qJYDQ3WHhfql9rMAQ4U2FviAVKrHUDK8Hm9cnFZzMORThl_Wsgi4zohBnRHQupy2OjTnvSV-jbI4LY6Xachlg-3gAdOSLiyHNC7MWYtKdY4dGf-tmgdtIxZOLfQT43Yezw5FXKS6vNWjeF0GpgHV-f4_w7or6eiB8yhZj7p7YsEZferM-Hc1cKAQTxeEp7x4J8WbI5ZPJk8W95tUctdKOKAr3gYkLg3sgC-C6UkQk3L_dtkRbOaR9wJbYb8RYS-kTF5N5GlDzNyJ85Q3w7mRVzYR_kUs93onNWxzbGQEzpCXCquAnNlzjheKRbeSrABNjftcGDBeAEAYgF9tOq31CAB_b2m6wCqAenzLECqAemvhuoB8zOsQKoB_PRG6gHltgbqAeqm7ECqAeOzhuoB5PYG6gH8OAbqAfulrECqAf-nrECqAevvrECqAfVyRuoB9m2sQKoB5oGqAf_nrECqAffn7ECqAf4wrECqAf7wrEC2AcB0ggvCIBhEAEYnQEyCIqCgICAgIAIOg2AQIDAgICAgKiAAqgDSL39wTpYsPGf89zVkwOxCRs2wa2H_5l6gAoBmAsByAsBqg0CSlDIDQHiDRMIlpig89zVkwMVIVsABh2liCQC6g0TCKSiofPc1ZMDFSFbAAYdpYgkAvANAogO____________AdgTCogUAdAVAcoWAgoA-BYBgBcBshcQGAEqCjk5MTMxMTU1MTZQBroXAjgBqhgXCQAAAABuC1FBEgo5OTEzMTE1NTE2GAGyGAkSArhQGAEiAQDQGAHCGQIIAQ&ae=1&gclid=EAIaIQobChMI8Y6n89zVkwMVIVsABh2liCQCEAEYASAAEgIfVPD_BwE&num=1&cid=CAQS0gEABaugfW0WsNFy_m5WWdFgfnS_h3TqBSdzF84_ypnqA-ABhX9ubHKni5hLlkRvN19CBIgyjxuC2ozW6Bu6qSz0lRY0bLMFkSdoilINqc8EhGMybeSTUD3FE25Vt7zDXXZrSyL_7G08xj9nuWiHkLUcfP5tYGFTTK9dqBYxWRm_S9Iwsxima2uGI-RiufHnxZPPE9XJsZnkAVZQboQ6GnSdZ5KFk8ReJI6ZMgds4KY1M5TvHskwqH_l525gQ2YEbRCt92OGxOitgOa93brw92K2A8wYAQ&sig=AOD64_3zAM9uPwBipT1i7lj3KhYSrhalQg&client=ca-pub-4075694933314520&rf=1&nb=0&adurl=https://www.nalashaa.com/as400-support-and-modernization-services/%3Futm_source%3Dgoogle%26utm_medium%3Dcpc%26utm_campaign%3D%7B%7Bcampaignname%7D%7D%26utm_term%3D%7B%7D%26utm_content%3D%7B%7Badgroupname%7D%7D%26gad_source%3D5%26gad_campaignid%3D21674764790%26gclid%3DEAIaIQobChMI8Y6n89zVkwMVIVsABh2liCQCEAEYASAAEgIfVPD_BwE,1,nalashaa.com,google.com,URI
476,https://www.googleadservices.com/pagead/aclk?sa=L&ai=CXSgoM9HRabGpJaG2geAPpZGSEaSunaiGAcKw86rPFbaQHxABIM2ejxhgiQOgAfKI5NMByAEB4AIAqAMByAPLBKoE0AJP0KANDh8FxBvA_4CaBIq1DXbxPZ494x3-OCupd2iHwvG8fp5RYVyIC-eGBppNVze4sZsuEb9YABFA48-1anNDM3PVLYtJGlF5Ygm1La_nS5QPUlEKEhWXGLotn5VHcG76H7qJYDQ3WHhfql9rMAQ4U2FviAVKrHUDK8Hm9cnFZzMORThl_Wsgi4zohBnRHQupy2OjTnvSV-jbI4LY6Xachlg-3gAdOSLiyHNC7MWYtKdY4dGf-tmgdtIxZOLfQT43Yezw5FXKS6vNWjeF0GpgHV-f4_w7or6eiB8yhZj7p7YsEZferM-Hc1cKAQTxeEp7x4J8WbI5ZPJk8W95tUctdKOKAr3gYkLg3sgC-C6UkQk3L_dtkRbOaR9wJbYb8RYS-kTF5N5GlDzNyJ85Q3w7mRVzYR_kUs93onNWxzbGQEzpCXCquAnNlzjheKRbeSrABNjftcGDBeAEAYgF9tOq31CAB_b2m6wCqAenzLECqAemvhuoB8zOsQKoB_PRG6gHltgbqAeqm7ECqAeOzhuoB5PYG6gH8OAbqAfulrECqAf-nrECqAevvrECqAfVyRuoB9m2sQKoB5oGqAf_nrECqAffn7ECqAf4wrECqAf7wrEC2AcB0ggvCIBhEAEYnQEyCIqCgICAgIAIOg2AQIDAgICAgKiAAqgDSL39wTpYsPGf89zVkwOxCRs2wa2H_5l6gAoBmAsByAsBqg0CSlDIDQHiDRMIlpig89zVkwMVIVsABh2liCQC6g0TCKSiofPc1ZMDFSFbAAYdpYgkAvANAogO____________AdgTCogUAdAVAcoWAgoA-BYBgBcBshcQGAEqCjk5MTMxMTU1MTZQBroXAjgBqhgXCQAAAABuC1FBEgo5OTEzMTE1NTE2GAGyGAkSArhQGAEiAQDQGAHCGQIIAQ&ae=1&gclid=EAIaIQobChMI8Y6n89zVkwMVIVsABh2liCQCEAEYASAAEgIfVPD_BwE&num=1&cid=CAQS0gEABaugfW0WsNFy_m5WWdFgfnS_h3TqBSdzF84_ypnqA-ABhX9ubHKni5hLlkRvN19CBIgyjxuC2ozW6Bu6qSz0lRY0bLMFkSdoilINqc8EhGMybeSTUD3FE25Vt7zDXXZrSyL_7G08xj9nuWiHkLUcfP5tYGFTTK9dqBYxWRm_S9Iwsxima2uGI-RiufHnxZPPE9XJsZnkAVZQboQ6GnSdZ5KFk8ReJI6ZMgds4KY1M5TvHskwqH_l525gQ2YEbRCt92OGxOitgOa93brw92K2A8wYAQ&sig=AOD64_3zAM9uPwBipT1i7lj3KhYSrhalQg&client=ca-pub-4075694933314520&rf=1&nb=0&adurl=https://www.nalashaa.com/as400-support-and-modernization-services/%3Futm_source%3Dgoogle%26utm_medium%3Dcpc%26utm_campaign%3D%7B%7Bcampaignname%7D%7D%26utm_term%3D%7B%7D%26utm_content%3D%7B%7Badgroupname%7D%7D%26gad_source%3D5%26gad_campaignid%3D21674764790%26gclid%3DEAIaIQobChMI8Y6n89zVkwMVIVsABh2liCQCEAEYASAAEgIfVPD_BwE,1,nalashaa.com,googleadservices.com,COOKIE
476,https://www.googleadservices.com/pagead/aclk?sa=L&ai=CXSgoM9HRabGpJaG2geAPpZGSEaSunaiGAcKw86rPFbaQHxABIM2ejxhgiQOgAfKI5NMByAEB4AIAqAMByAPLBKoE0AJP0KANDh8FxBvA_4CaBIq1DXbxPZ494x3-OCupd2iHwvG8fp5RYVyIC-eGBppNVze4sZsuEb9YABFA48-1anNDM3PVLYtJGlF5Ygm1La_nS5QPUlEKEhWXGLotn5VHcG76H7qJYDQ3WHhfql9rMAQ4U2FviAVKrHUDK8Hm9cnFZzMORThl_Wsgi4zohBnRHQupy2OjTnvSV-jbI4LY6Xachlg-3gAdOSLiyHNC7MWYtKdY4dGf-tmgdtIxZOLfQT43Yezw5FXKS6vNWjeF0GpgHV-f4_w7or6eiB8yhZj7p7YsEZferM-Hc1cKAQTxeEp7x4J8WbI5ZPJk8W95tUctdKOKAr3gYkLg3sgC-C6UkQk3L_dtkRbOaR9wJbYb8RYS-kTF5N5GlDzNyJ85Q3w7mRVzYR_kUs93onNWxzbGQEzpCXCquAnNlzjheKRbeSrABNjftcGDBeAEAYgF9tOq31CAB_b2m6wCqAenzLECqAemvhuoB8zOsQKoB_PRG6gHltgbqAeqm7ECqAeOzhuoB5PYG6gH8OAbqAfulrECqAf-nrECqAevvrECqAfVyRuoB9m2sQKoB5oGqAf_nrECqAffn7ECqAf4wrECqAf7wrEC2AcB0ggvCIBhEAEYnQEyCIqCgICAgIAIOg2AQIDAgICAgKiAAqgDSL39wTpYsPGf89zVkwOxCRs2wa2H_5l6gAoBmAsByAsBqg0CSlDIDQHiDRMIlpig89zVkwMVIVsABh2liCQC6g0TCKSiofPc1ZMDFSFbAAYdpYgkAvANAogO____________AdgTCogUAdAVAcoWAgoA-BYBgBcBshcQGAEqCjk5MTMxMTU1MTZQBroXAjgBqhgXCQAAAABuC1FBEgo5OTEzMTE1NTE2GAGyGAkSArhQGAEiAQDQGAHCGQIIAQ&ae=1&gclid=EAIaIQobChMI8Y6n89zVkwMVIVsABh2liCQCEAEYASAAEgIfVPD_BwE&num=1&cid=CAQS0gEABaugfW0WsNFy_m5WWdFgfnS_h3TqBSdzF84_ypnqA-ABhX9ubHKni5hLlkRvN19CBIgyjxuC2ozW6Bu6qSz0lRY0bLMFkSdoilINqc8EhGMybeSTUD3FE25Vt7zDXXZrSyL_7G08xj9nuWiHkLUcfP5tYGFTTK9dqBYxWRm_S9Iwsxima2uGI-RiufHnxZPPE9XJsZnkAVZQboQ6GnSdZ5KFk8ReJI6ZMgds4KY1M5TvHskwqH_l525gQ2YEbRCt92OGxOitgOa93brw92K2A8wYAQ&sig=AOD64_3zAM9uPwBipT1i7lj3KhYSrhalQg&client=ca-pub-4075694933314520&rf=1&nb=0&adurl=https://www.nalashaa.com/as400-support-and-modernization-services/%3Futm_source%3Dgoogle%26utm_medium%3Dcpc%26utm_campaign%3D%7B%7Bcampaignname%7D%7D%26utm_term%3D%7B%7D%26utm_content%3D%7B%7Badgroupname%7D%7D%26gad_source%3D5%26gad_campaignid%3D21674764790%26gclid%3DEAIaIQobChMI8Y6n89zVkwMVIVsABh2liCQCEAEYASAAEgIfVPD_BwE,1,nalashaa.com,linkedin.com,URI
480,https://googleads.g.doubleclick.net/aclk?sa=l&ai=CLA2DLuDRac2UMMiwgeAPpJfpwQe8u46nhgGI4or9-RW__7nj1wIQASD0-cYlYMme-YaAgKAZoAHg8oC_AcgBAuACAKgDAcgDCKoEtgJP0HUp-XUyxfKYAAdLtuIz8fOf4I6iHmOJGWOzrr9TY0J0-0ljCCBMrlIqYjOv64wDU0ulOL2jtd9xb9PmHhMv6c6TBiEnoPusBuWXsuww2-t0cFtiyXJckn8F6YdRKfilltbyXHV6CKR8U9XFVnWs42xIBmrEI2guYgyZpgYdWo1Uyww-W0uES3XhWXQW5EgdZJfqIXonJC0W5anBdfG3RfaWnQkfckIIRiAcoGUZxO86MbXa56VvSnnf-CJPbd3F4TQZohjqIx5TMqvybvev_gSLjWXNKNnqzYOb-nM-4Y-U_VZmcRZs_aB427P3xoedCnZfqDrd8kNyDrU7z6OC_kYn4OS43sUs5RRKAAg6gTP7mRSArsmmWKEQX10N4UObe7P3I6vS-MJSsTqhQzrjWyYVz8VIwATntZLj0QXgBAGIBaDso6xYoAYCgAfuh8XFGqgHp8yxAqgHpr4bqAfMzrECqAfz0RuoB5bYG6gHqpuxAqgHjs4bqAeT2BuoB_DgG6gH7paxAqgH_p6xAqgHr76xAqgH1ckbqAfZtrECqAeaBqgH_56xAqgH35-xAqgH-MKxAqgH-8KxAtgHAdIIMAiAYRABGJ0BMgiKgoCAgICACDoOgECAwICAgICogAKogxBIvf3BOliCs4KY69WTA_IIG2FkeC1zdWJzeW4tODQ0Njc0NTAxMzMzNTgwNrEJqef74ogxaeuACgOYCwHICwGqDQJVU8gNAeINEwjd1YKY69WTAxVIWAAGHaRLOnjqDRMIkrmHmOvVkwMVSFgABh2kSzp48A0CiA7___________8B2BML0BUByhYCCgD4FgGAFwGyFxAYASoKMzM0NTM4Mzc3NFAGuhcCOAGqGBcJAAAAAECJCEESCjMzNDUzODM3NzQYAbIYCRIC6FkYAiIBANAYAegYAcIZAggB&ae=1&gclid=EAIaIQobChMIzeOHmOvVkwMVSFgABh2kSzp4EAEYASAAEgJeyfD_BwE&num=1&cid=CAQS4wEABaugfVVh16cUh0-2KSSmihe9ro9iF7Y0Dw_MaeF5ba2eq6hc0Y7xVzhsC8XV_gJv9eYeE-eluBeVdjs1G-_n6QQ1TLpTEsOJ5Df1DZ4LWSUms2ZZFBcGCSiwH1rFLxy-c4qMm8Ex3i4Pi8KD3GONZyz1aBj_lQxD33qDITU6kuh2CnravRpnMIdwAuQJ2Hn9_3F3bpuhu-jrtI14SQux6A3_yUZxH1QLRA7KibqbZKaq-8lQ4q8OHt0MBKE8pY_xV9CQMYa6089WeFJx66yakyTMYkC5kubdmC8XbAfKiuBk6RgB&sig=AOD64_0W2RYBiMa5j76P-jD1f9kIpzpzrA&client=ca-pub-6396844742497208&rf=5&nx=CLICK_X&ny=CLICK_Y&uap=UACH(platform)&uapv=UACH(platformVersion)&uaa=UACH(architecture)&uam=UACH(model)&uafv=UACH(uaFullVersion)&uab=UACH(bitness)&uaw=UACH(wow64)&uafvl=UACH(fullVersionList)&nb=2&adurl=https://koreadates.com/land/sp/447f4c08%3Fpartner%3Dadw_koreadates_ua%26campaignid%3D23715182112%26gclid%3DEAIaIQobChMIzeOHmOvVkwMVSFgABh2kSzp4EAEYASAAEgJeyfD_BwE%26adgroupid%3D193749883623%26targetid%3D%26network%3Dd%26device%3Dc%26devicemodel%3D%26loc_int_ph%3D_9053616%26matchtype%3D%26target%3D%26keyword%3D%26creative%3D803741789015%26placement%3Ddantri.com.vn%26campaign%3DAW_Koreadates_USA-TOP1_All_GDN_Allpurchase_all_gender_45%2B_chinazes_keywords_S3_troas27_03Apr%26group%3Din-market_Apparel_Accessories%26banner_type%3DTN_39399_01_Black_Koreadates_Asia_GDN_336x280_Static%26asset_type%3D%26gad_source%3D5%26gad_campaignid%3D23715182112%26gclid%3DEAIaIQobChMIzeOHmOvVkwMVSFgABh2kSzp4EAEYASAAEgJeyfD_BwE,5,koreadates.com,googleadservices.com,URI
480,https://googleads.g.doubleclick.net/aclk?sa=l&ai=CLA2DLuDRac2UMMiwgeAPpJfpwQe8u46nhgGI4or9-RW__7nj1wIQASD0-cYlYMme-YaAgKAZoAHg8oC_AcgBAuACAKgDAcgDCKoEtgJP0HUp-XUyxfKYAAdLtuIz8fOf4I6iHmOJGWOzrr9TY0J0-0ljCCBMrlIqYjOv64wDU0ulOL2jtd9xb9PmHhMv6c6TBiEnoPusBuWXsuww2-t0cFtiyXJckn8F6YdRKfilltbyXHV6CKR8U9XFVnWs42xIBmrEI2guYgyZpgYdWo1Uyww-W0uES3XhWXQW5EgdZJfqIXonJC0W5anBdfG3RfaWnQkfckIIRiAcoGUZxO86MbXa56VvSnnf-CJPbd3F4TQZohjqIx5TMqvybvev_gSLjWXNKNnqzYOb-nM-4Y-U_VZmcRZs_aB427P3xoedCnZfqDrd8kNyDrU7z6OC_kYn4OS43sUs5RRKAAg6gTP7mRSArsmmWKEQX10N4UObe7P3I6vS-MJSsTqhQzrjWyYVz8VIwATntZLj0QXgBAGIBaDso6xYoAYCgAfuh8XFGqgHp8yxAqgHpr4bqAfMzrECqAfz0RuoB5bYG6gHqpuxAqgHjs4bqAeT2BuoB_DgG6gH7paxAqgH_p6xAqgHr76xAqgH1ckbqAfZtrECqAeaBqgH_56xAqgH35-xAqgH-MKxAqgH-8KxAtgHAdIIMAiAYRABGJ0BMgiKgoCAgICACDoOgECAwICAgICogAKogxBIvf3BOliCs4KY69WTA_IIG2FkeC1zdWJzeW4tODQ0Njc0NTAxMzMzNTgwNrEJqef74ogxaeuACgOYCwHICwGqDQJVU8gNAeINEwjd1YKY69WTAxVIWAAGHaRLOnjqDRMIkrmHmOvVkwMVSFgABh2kSzp48A0CiA7___________8B2BML0BUByhYCCgD4FgGAFwGyFxAYASoKMzM0NTM4Mzc3NFAGuhcCOAGqGBcJAAAAAECJCEESCjMzNDUzODM3NzQYAbIYCRIC6FkYAiIBANAYAegYAcIZAggB&ae=1&gclid=EAIaIQobChMIzeOHmOvVkwMVSFgABh2kSzp4EAEYASAAEgJeyfD_BwE&num=1&cid=CAQS4wEABaugfVVh16cUh0-2KSSmihe9ro9iF7Y0Dw_MaeF5ba2eq6hc0Y7xVzhsC8XV_gJv9eYeE-eluBeVdjs1G-_n6QQ1TLpTEsOJ5Df1DZ4LWSUms2ZZFBcGCSiwH1rFLxy-c4qMm8Ex3i4Pi8KD3GONZyz1aBj_lQxD33qDITU6kuh2CnravRpnMIdwAuQJ2Hn9_3F3bpuhu-jrtI14SQux6A3_yUZxH1QLRA7KibqbZKaq-8lQ4q8OHt0MBKE8pY_xV9CQMYa6089WeFJx66yakyTMYkC5kubdmC8XbAfKiuBk6RgB&sig=AOD64_0W2RYBiMa5j76P-jD1f9kIpzpzrA&client=ca-pub-6396844742497208&rf=5&nx=CLICK_X&ny=CLICK_Y&uap=UACH(platform)&uapv=UACH(platformVersion)&uaa=UACH(architecture)&uam=UACH(model)&uafv=UACH(uaFullVersion)&uab=UACH(bitness)&uaw=UACH(wow64)&uafvl=UACH(fullVersionList)&nb=2&adurl=https://koreadates.com/land/sp/447f4c08%3Fpartner%3Dadw_koreadates_ua%26campaignid%3D23715182112%26gclid%3DEAIaIQobChMIzeOHmOvVkwMVSFgABh2kSzp4EAEYASAAEgJeyfD_BwE%26adgroupid%3D193749883623%26targetid%3D%26network%3Dd%26device%3Dc%26devicemodel%3D%26loc_int_ph%3D_9053616%26matchtype%3D%26target%3D%26keyword%3D%26creative%3D803741789015%26placement%3Ddantri.com.vn%26campaign%3DAW_Koreadates_USA-TOP1_All_GDN_Allpurchase_all_gender_45%2B_chinazes_keywords_S3_troas27_03Apr%26group%3Din-market_Apparel_Accessories%26banner_type%3DTN_39399_01_Black_Koreadates_Asia_GDN_336x280_Static%26asset_type%3D%26gad_source%3D5%26gad_campaignid%3D23715182112%26gclid%3DEAIaIQobChMIzeOHmOvVkwMVSFgABh2kSzp4EAEYASAAEgJeyfD_BwE,5,koreadates.com,doubleclick.net,URI
480,https://googleads.g.doubleclick.net/aclk?sa=l&ai=CLA2DLuDRac2UMMiwgeAPpJfpwQe8u46nhgGI4or9-RW__7nj1wIQASD0-cYlYMme-YaAgKAZoAHg8oC_AcgBAuACAKgDAcgDCKoEtgJP0HUp-XUyxfKYAAdLtuIz8fOf4I6iHmOJGWOzrr9TY0J0-0ljCCBMrlIqYjOv64wDU0ulOL2jtd9xb9PmHhMv6c6TBiEnoPusBuWXsuww2-t0cFtiyXJckn8F6YdRKfilltbyXHV6CKR8U9XFVnWs42xIBmrEI2guYgyZpgYdWo1Uyww-W0uES3XhWXQW5EgdZJfqIXonJC0W5anBdfG3RfaWnQkfckIIRiAcoGUZxO86MbXa56VvSnnf-CJPbd3F4TQZohjqIx5TMqvybvev_gSLjWXNKNnqzYOb-nM-4Y-U_VZmcRZs_aB427P3xoedCnZfqDrd8kNyDrU7z6OC_kYn4OS43sUs5RRKAAg6gTP7mRSArsmmWKEQX10N4UObe7P3I6vS-MJSsTqhQzrjWyYVz8VIwATntZLj0QXgBAGIBaDso6xYoAYCgAfuh8XFGqgHp8yxAqgHpr4bqAfMzrECqAfz0RuoB5bYG6gHqpuxAqgHjs4bqAeT2BuoB_DgG6gH7paxAqgH_p6xAqgHr76xAqgH1ckbqAfZtrECqAeaBqgH_56xAqgH35-xAqgH-MKxAqgH-8KxAtgHAdIIMAiAYRABGJ0BMgiKgoCAgICACDoOgECAwICAgICogAKogxBIvf3BOliCs4KY69WTA_IIG2FkeC1zdWJzeW4tODQ0Njc0NTAxMzMzNTgwNrEJqef74ogxaeuACgOYCwHICwGqDQJVU8gNAeINEwjd1YKY69WTAxVIWAAGHaRLOnjqDRMIkrmHmOvVkwMVSFgABh2kSzp48A0CiA7___________8B2BML0BUByhYCCgD4FgGAFwGyFxAYASoKMzM0NTM4Mzc3NFAGuhcCOAGqGBcJAAAAAECJCEESCjMzNDUzODM3NzQYAbIYCRIC6FkYAiIBANAYAegYAcIZAggB&ae=1&gclid=EAIaIQobChMIzeOHmOvVkwMVSFgABh2kSzp4EAEYASAAEgJeyfD_BwE&num=1&cid=CAQS4wEABaugfVVh16cUh0-2KSSmihe9ro9iF7Y0Dw_MaeF5ba2eq6hc0Y7xVzhsC8XV_gJv9eYeE-eluBeVdjs1G-_n6QQ1TLpTEsOJ5Df1DZ4LWSUms2ZZFBcGCSiwH1rFLxy-c4qMm8Ex3i4Pi8KD3GONZyz1aBj_lQxD33qDITU6kuh2CnravRpnMIdwAuQJ2Hn9_3F3bpuhu-jrtI14SQux6A3_yUZxH1QLRA7KibqbZKaq-8lQ4q8OHt0MBKE8pY_xV9CQMYa6089WeFJx66yakyTMYkC5kubdmC8XbAfKiuBk6RgB&sig=AOD64_0W2RYBiMa5j76P-jD1f9kIpzpzrA&client=ca-pub-6396844742497208&rf=5&nx=CLICK_X&ny=CLICK_Y&uap=UACH(platform)&uapv=UACH(platformVersion)&uaa=UACH(architecture)&uam=UACH(model)&uafv=UACH(uaFullVersion)&uab=UACH(bitness)&uaw=UACH(wow64)&uafvl=UACH(fullVersionList)&nb=2&adurl=https://koreadates.com/land/sp/447f4c08%3Fpartner%3Dadw_koreadates_ua%26campaignid%3D23715182112%26gclid%3DEAIaIQobChMIzeOHmOvVkwMVSFgABh2kSzp4EAEYASAAEgJeyfD_BwE%26adgroupid%3D193749883623%26targetid%3D%26network%3Dd%26device%3Dc%26devicemodel%3D%26loc_int_ph%3D_9053616%26matchtype%3D%26target%3D%26keyword%3D%26creative%3D803741789015%26placement%3Ddantri.com.vn%26campaign%3DAW_Koreadates_USA-TOP1_All_GDN_Allpurchase_all_gender_45%2B_chinazes_keywords_S3_troas27_03Apr%26group%3Din-market_Apparel_Accessories%26banner_type%3DTN_39399_01_Black_Koreadates_Asia_GDN_336x280_Static%26asset_type%3D%26gad_source%3D5%26gad_campaignid%3D23715182112%26gclid%3DEAIaIQobChMIzeOHmOvVkwMVSFgABh2kSzp4EAEYASAAEgJeyfD_BwE,3,koreadates.com,googleadservices.com,URI
480,https://googleads.g.doubleclick.net/aclk?sa=l&ai=CLA2DLuDRac2UMMiwgeAPpJfpwQe8u46nhgGI4or9-RW__7nj1wIQASD0-cYlYMme-YaAgKAZoAHg8oC_AcgBAuACAKgDAcgDCKoEtgJP0HUp-XUyxfKYAAdLtuIz8fOf4I6iHmOJGWOzrr9TY0J0-0ljCCBMrlIqYjOv64wDU0ulOL2jtd9xb9PmHhMv6c6TBiEnoPusBuWXsuww2-t0cFtiyXJckn8F6YdRKfilltbyXHV6CKR8U9XFVnWs42xIBmrEI2guYgyZpgYdWo1Uyww-W0uES3XhWXQW5EgdZJfqIXonJC0W5anBdfG3RfaWnQkfckIIRiAcoGUZxO86MbXa56VvSnnf-CJPbd3F4TQZohjqIx5TMqvybvev_gSLjWXNKNnqzYOb-nM-4Y-U_VZmcRZs_aB427P3xoedCnZfqDrd8kNyDrU7z6OC_kYn4OS43sUs5RRKAAg6gTP7mRSArsmmWKEQX10N4UObe7P3I6vS-MJSsTqhQzrjWyYVz8VIwATntZLj0QXgBAGIBaDso6xYoAYCgAfuh8XFGqgHp8yxAqgHpr4bqAfMzrECqAfz0RuoB5bYG6gHqpuxAqgHjs4bqAeT2BuoB_DgG6gH7paxAqgH_p6xAqgHr76xAqgH1ckbqAfZtrECqAeaBqgH_56xAqgH35-xAqgH-MKxAqgH-8KxAtgHAdIIMAiAYRABGJ0BMgiKgoCAgICACDoOgECAwICAgICogAKogxBIvf3BOliCs4KY69WTA_IIG2FkeC1zdWJzeW4tODQ0Njc0NTAxMzMzNTgwNrEJqef74ogxaeuACgOYCwHICwGqDQJVU8gNAeINEwjd1YKY69WTAxVIWAAGHaRLOnjqDRMIkrmHmOvVkwMVSFgABh2kSzp48A0CiA7___________8B2BML0BUByhYCCgD4FgGAFwGyFxAYASoKMzM0NTM4Mzc3NFAGuhcCOAGqGBcJAAAAAECJCEESCjMzNDUzODM3NzQYAbIYCRIC6FkYAiIBANAYAegYAcIZAggB&ae=1&gclid=EAIaIQobChMIzeOHmOvVkwMVSFgABh2kSzp4EAEYASAAEgJeyfD_BwE&num=1&cid=CAQS4wEABaugfVVh16cUh0-2KSSmihe9ro9iF7Y0Dw_MaeF5ba2eq6hc0Y7xVzhsC8XV_gJv9eYeE-eluBeVdjs1G-_n6QQ1TLpTEsOJ5Df1DZ4LWSUms2ZZFBcGCSiwH1rFLxy-c4qMm8Ex3i4Pi8KD3GONZyz1aBj_lQxD33qDITU6kuh2CnravRpnMIdwAuQJ2Hn9_3F3bpuhu-jrtI14SQux6A3_yUZxH1QLRA7KibqbZKaq-8lQ4q8OHt0MBKE8pY_xV9CQMYa6089WeFJx66yakyTMYkC5kubdmC8XbAfKiuBk6RgB&sig=AOD64_0W2RYBiMa5j76P-jD1f9kIpzpzrA&client=ca-pub-6396844742497208&rf=5&nx=CLICK_X&ny=CLICK_Y&uap=UACH(platform)&uapv=UACH(platformVersion)&uaa=UACH(architecture)&uam=UACH(model)&uafv=UACH(uaFullVersion)&uab=UACH(bitness)&uaw=UACH(wow64)&uafvl=UACH(fullVersionList)&nb=2&adurl=https://koreadates.com/land/sp/447f4c08%3Fpartner%3Dadw_koreadates_ua%26campaignid%3D23715182112%26gclid%3DEAIaIQobChMIzeOHmOvVkwMVSFgABh2kSzp4EAEYASAAEgJeyfD_BwE%26adgroupid%3D193749883623%26targetid%3D%26network%3Dd%26device%3Dc%26devicemodel%3D%26loc_int_ph%3D_9053616%26matchtype%3D%26target%3D%26keyword%3D%26creative%3D803741789015%26placement%3Ddantri.com.vn%26campaign%3DAW_Koreadates_USA-TOP1_All_GDN_Allpurchase_all_gender_45%2B_chinazes_keywords_S3_troas27_03Apr%26group%3Din-market_Apparel_Accessories%26banner_type%3DTN_39399_01_Black_Koreadates_Asia_GDN_336x280_Static%26asset_type%3D%26gad_source%3D5%26gad_campaignid%3D23715182112%26gclid%3DEAIaIQobChMIzeOHmOvVkwMVSFgABh2kSzp4EAEYASAAEgJeyfD_BwE,5,koreadates.com,sentry.io,PAYLOAD
480,https://googleads.g.doubleclick.net/aclk?sa=l&ai=CLA2DLuDRac2UMMiwgeAPpJfpwQe8u46nhgGI4or9-RW__7nj1wIQASD0-cYlYMme-YaAgKAZoAHg8oC_AcgBAuACAKgDAcgDCKoEtgJP0HUp-XUyxfKYAAdLtuIz8fOf4I6iHmOJGWOzrr9TY0J0-0ljCCBMrlIqYjOv64wDU0ulOL2jtd9xb9PmHhMv6c6TBiEnoPusBuWXsuww2-t0cFtiyXJckn8F6YdRKfilltbyXHV6CKR8U9XFVnWs42xIBmrEI2guYgyZpgYdWo1Uyww-W0uES3XhWXQW5EgdZJfqIXonJC0W5anBdfG3RfaWnQkfckIIRiAcoGUZxO86MbXa56VvSnnf-CJPbd3F4TQZohjqIx5TMqvybvev_gSLjWXNKNnqzYOb-nM-4Y-U_VZmcRZs_aB427P3xoedCnZfqDrd8kNyDrU7z6OC_kYn4OS43sUs5RRKAAg6gTP7mRSArsmmWKEQX10N4UObe7P3I6vS-MJSsTqhQzrjWyYVz8VIwATntZLj0QXgBAGIBaDso6xYoAYCgAfuh8XFGqgHp8yxAqgHpr4bqAfMzrECqAfz0RuoB5bYG6gHqpuxAqgHjs4bqAeT2BuoB_DgG6gH7paxAqgH_p6xAqgHr76xAqgH1ckbqAfZtrECqAeaBqgH_56xAqgH35-xAqgH-MKxAqgH-8KxAtgHAdIIMAiAYRABGJ0BMgiKgoCAgICACDoOgECAwICAgICogAKogxBIvf3BOliCs4KY69WTA_IIG2FkeC1zdWJzeW4tODQ0Njc0NTAxMzMzNTgwNrEJqef74ogxaeuACgOYCwHICwGqDQJVU8gNAeINEwjd1YKY69WTAxVIWAAGHaRLOnjqDRMIkrmHmOvVkwMVSFgABh2kSzp48A0CiA7___________8B2BML0BUByhYCCgD4FgGAFwGyFxAYASoKMzM0NTM4Mzc3NFAGuhcCOAGqGBcJAAAAAECJCEESCjMzNDUzODM3NzQYAbIYCRIC6FkYAiIBANAYAegYAcIZAggB&ae=1&gclid=EAIaIQobChMIzeOHmOvVkwMVSFgABh2kSzp4EAEYASAAEgJeyfD_BwE&num=1&cid=CAQS4wEABaugfVVh16cUh0-2KSSmihe9ro9iF7Y0Dw_MaeF5ba2eq6hc0Y7xVzhsC8XV_gJv9eYeE-eluBeVdjs1G-_n6QQ1TLpTEsOJ5Df1DZ4LWSUms2ZZFBcGCSiwH1rFLxy-c4qMm8Ex3i4Pi8KD3GONZyz1aBj_lQxD33qDITU6kuh2CnravRpnMIdwAuQJ2Hn9_3F3bpuhu-jrtI14SQux6A3_yUZxH1QLRA7KibqbZKaq-8lQ4q8OHt0MBKE8pY_xV9CQMYa6089WeFJx66yakyTMYkC5kubdmC8XbAfKiuBk6RgB&sig=AOD64_0W2RYBiMa5j76P-jD1f9kIpzpzrA&client=ca-pub-6396844742497208&rf=5&nx=CLICK_X&ny=CLICK_Y&uap=UACH(platform)&uapv=UACH(platformVersion)&uaa=UACH(architecture)&uam=UACH(model)&uafv=UACH(uaFullVersion)&uab=UACH(bitness)&uaw=UACH(wow64)&uafvl=UACH(fullVersionList)&nb=2&adurl=https://koreadates.com/land/sp/447f4c08%3Fpartner%3Dadw_koreadates_ua%26campaignid%3D23715182112%26gclid%3DEAIaIQobChMIzeOHmOvVkwMVSFgABh2kSzp4EAEYASAAEgJeyfD_BwE%26adgroupid%3D193749883623%26targetid%3D%26network%3Dd%26device%3Dc%26devicemodel%3D%26loc_int_ph%3D_9053616%26matchtype%3D%26target%3D%26keyword%3D%26creative%3D803741789015%26placement%3Ddantri.com.vn%26campaign%3DAW_Koreadates_USA-TOP1_All_GDN_Allpurchase_all_gender_45%2B_chinazes_keywords_S3_troas27_03Apr%26group%3Din-market_Apparel_Accessories%26banner_type%3DTN_39399_01_Black_Koreadates_Asia_GDN_336x280_Static%26asset_type%3D%26gad_source%3D5%26gad_campaignid%3D23715182112%26gclid%3DEAIaIQobChMIzeOHmOvVkwMVSFgABh2kSzp4EAEYASAAEgJeyfD_BwE,3,koreadates.com,doubleclick.net,URI
444,https://www.googleadservices.com/pagead/aclk?sa=L&ai=C_TNgZ6vRabiNEN2I3NMPoOqnkQmKzuuahgHTm4-qsBOhpvjz0B0QASC-z4caYM2g74CsA6AB9bK8wCnIAQmpAjwJqaJZBoo-4AIAqAMByAPLBKoE2wJP0GGEnITHvp5ofC9AbXJUNuPLLLyk_B1lYxwNf2j9qbX-ZjFpYXK8aviAt6--Bgzpz6nVD8ZDvdIBnRCWnCRIqfNO5HxBOKmsrx-NPNWq4t_6OCCLxOBBCYlg47Dyr7NjCf9_2v9C8Q44PQwldj9zw6ySZHZyAM_mTZlMPz2aDloxOSMUUmpGuLnTrGOh0QD15ZaqvfTl-qZugfkN_nxJqjQwPEuMPA-mEyq5rWuw56Nj63o36dC1BT-VQoi-ontt7d0rMh0blVuPrfsSVLUwpL2oZ2Av2A9qDwz2UryTk7K_AK95A3DwTW-8PHZ0TZ8uy_EGUOvxL1ShE5O9SE34qkXDeRS4rj9-qNJlPKgtYWEiVYuuktVElQnu5wlQLrOVxBaie96FC_Ax5xTr7uKsGaTMF6CiaF5F6srz16rCbZTGpb5b-wjQ_7N7rAwRB7_isNaPgQVL1kL3HMAEzvGx54kF4AQBiAW5wIK4UsAFBfoFBgglEAEYAKAGLoAH9eqMoASoB6fMsQKoB-LYsQKoB6a-G6gHzM6xAqgH89EbqAeW2BuoB6qbsQKoB47OG6gHk9gbqAfw4BuoB-6WsQKoB_6esQKoB6--sQKoB9m2sQKoB5oGqAf_nrECqAffn7ECqAf4wrECqAfi2LECqAfi2LECqAfi2LEC2AcA-gcdY29tLm1hZ2F6b3JkLnNpdGUubW92ZWlzYWx2aW7ACAHSCC8IgGEQARidATIIioKAgICAgAg6DYBAgMCAgICAqIACqANIvf3BOljPy5_tuNWTA4AKA5ALA5gLAcgLAYAMAaIMBUgBkAEBqg0CQlLIDQHiDRMIpfuf7bjVkwMVXQR3BB0g9SmS6g0TCJ2Qoe241ZMDFV0EdwQdIPUpkvANAogO____________AbAOtafaihjgEszrxcT9qbeQ4wHYEwvQFQHpFTGEgsgRddyG8BXauMPhAvoVB0FMMjU3LTGYFgHKFgIKAPgWAYAXAbIXEBgBKgozODUyNjA3NDM4UAa6FwI4AaoYFwkAAAAAII4HQRIKMzg1MjYwNzQzOBgBshgJEgKtURguIgEA0BgBwhkCCAE&ae=1&gclid=EAIaIQobChMI-Nyh7bjVkwMVXQR3BB0g9SmSEAEYASABEgLABvD_BwE&num=1&cid=CAQS5AEABaugfclVFWMgenj8z0FshknMzbFamFn2Uuj7IgFZXixJ8mj6C0kbOAEnd5QeF-0dG_UXwY2qWnTLoXOekgis6zKbWVz0e9qGIGovnM22UgXrPeZQ4GilUao5jsDArZATpHwxNrH5fEwqOWxP82FQ25iijG6CwoIoxiPBmn2_YMzN-iPVTeKkisBAr9Trmj6OPSpQj9my9iKRb8-csVkSxWD6fET_f_3NsEjNVBe97oMQunv5EPhZCH5XMS1DlVtZ0Suhvhf14u7Dsuap5cbbkoYQ5KCspxDua9gq9BzWX2cMqtsYAQ&sig=AOD64_1c330NUwsoz1FZujoFvQPuIllARA&ctype=5&client=ca-pub-6453680425766689&nb=9&adurl=https://www.moveisalvin.com.br/conjunto-mesa-espanha-110-cm-4-poltronas-denver-cor-mel-estofado-facto-modena-ocre%3Futm_source%3Dgoogle%26utm_medium%3DShopping%26utm_campaign%3Dconjunto-mesa-espanha-110-cm-4-poltronas-denver-cor-mel-estofado-facto-modena-ocre%26inStock%26gad_source%3D5%26gad_campaignid%3D22129188921%26gclid%3DEAIaIQobChMI-Nyh7bjVkwMVXQR3BB0g9SmSEAEYASABEgLABvD_BwE%23derivacao%3D91/123,2,moveisalvin.com.br,googleadservices.com,URI
444,https://www.googleadservices.com/pagead/aclk?sa=L&ai=C_TNgZ6vRabiNEN2I3NMPoOqnkQmKzuuahgHTm4-qsBOhpvjz0B0QASC-z4caYM2g74CsA6AB9bK8wCnIAQmpAjwJqaJZBoo-4AIAqAMByAPLBKoE2wJP0GGEnITHvp5ofC9AbXJUNuPLLLyk_B1lYxwNf2j9qbX-ZjFpYXK8aviAt6--Bgzpz6nVD8ZDvdIBnRCWnCRIqfNO5HxBOKmsrx-NPNWq4t_6OCCLxOBBCYlg47Dyr7NjCf9_2v9C8Q44PQwldj9zw6ySZHZyAM_mTZlMPz2aDloxOSMUUmpGuLnTrGOh0QD15ZaqvfTl-qZugfkN_nxJqjQwPEuMPA-mEyq5rWuw56Nj63o36dC1BT-VQoi-ontt7d0rMh0blVuPrfsSVLUwpL2oZ2Av2A9qDwz2UryTk7K_AK95A3DwTW-8PHZ0TZ8uy_EGUOvxL1ShE5O9SE34qkXDeRS4rj9-qNJlPKgtYWEiVYuuktVElQnu5wlQLrOVxBaie96FC_Ax5xTr7uKsGaTMF6CiaF5F6srz16rCbZTGpb5b-wjQ_7N7rAwRB7_isNaPgQVL1kL3HMAEzvGx54kF4AQBiAW5wIK4UsAFBfoFBgglEAEYAKAGLoAH9eqMoASoB6fMsQKoB-LYsQKoB6a-G6gHzM6xAqgH89EbqAeW2BuoB6qbsQKoB47OG6gHk9gbqAfw4BuoB-6WsQKoB_6esQKoB6--sQKoB9m2sQKoB5oGqAf_nrECqAffn7ECqAf4wrECqAfi2LECqAfi2LECqAfi2LEC2AcA-gcdY29tLm1hZ2F6b3JkLnNpdGUubW92ZWlzYWx2aW7ACAHSCC8IgGEQARidATIIioKAgICAgAg6DYBAgMCAgICAqIACqANIvf3BOljPy5_tuNWTA4AKA5ALA5gLAcgLAYAMAaIMBUgBkAEBqg0CQlLIDQHiDRMIpfuf7bjVkwMVXQR3BB0g9SmS6g0TCJ2Qoe241ZMDFV0EdwQdIPUpkvANAogO____________AbAOtafaihjgEszrxcT9qbeQ4wHYEwvQFQHpFTGEgsgRddyG8BXauMPhAvoVB0FMMjU3LTGYFgHKFgIKAPgWAYAXAbIXEBgBKgozODUyNjA3NDM4UAa6FwI4AaoYFwkAAAAAII4HQRIKMzg1MjYwNzQzOBgBshgJEgKtURguIgEA0BgBwhkCCAE&ae=1&gclid=EAIaIQobChMI-Nyh7bjVkwMVXQR3BB0g9SmSEAEYASABEgLABvD_BwE&num=1&cid=CAQS5AEABaugfclVFWMgenj8z0FshknMzbFamFn2Uuj7IgFZXixJ8mj6C0kbOAEnd5QeF-0dG_UXwY2qWnTLoXOekgis6zKbWVz0e9qGIGovnM22UgXrPeZQ4GilUao5jsDArZATpHwxNrH5fEwqOWxP82FQ25iijG6CwoIoxiPBmn2_YMzN-iPVTeKkisBAr9Trmj6OPSpQj9my9iKRb8-csVkSxWD6fET_f_3NsEjNVBe97oMQunv5EPhZCH5XMS1DlVtZ0Suhvhf14u7Dsuap5cbbkoYQ5KCspxDua9gq9BzWX2cMqtsYAQ&sig=AOD64_1c330NUwsoz1FZujoFvQPuIllARA&ctype=5&client=ca-pub-6453680425766689&nb=9&adurl=https://www.moveisalvin.com.br/conjunto-mesa-espanha-110-cm-4-poltronas-denver-cor-mel-estofado-facto-modena-ocre%3Futm_source%3Dgoogle%26utm_medium%3DShopping%26utm_campaign%3Dconjunto-mesa-espanha-110-cm-4-poltronas-denver-cor-mel-estofado-facto-modena-ocre%26inStock%26gad_source%3D5%26gad_campaignid%3D22129188921%26gclid%3DEAIaIQobChMI-Nyh7bjVkwMVXQR3BB0g9SmSEAEYASABEgLABvD_BwE%23derivacao%3D91/123,2,moveisalvin.com.br,googleadservices.com,COOKIE
444,https://www.googleadservices.com/pagead/aclk?sa=L&ai=C_TNgZ6vRabiNEN2I3NMPoOqnkQmKzuuahgHTm4-qsBOhpvjz0B0QASC-z4caYM2g74CsA6AB9bK8wCnIAQmpAjwJqaJZBoo-4AIAqAMByAPLBKoE2wJP0GGEnITHvp5ofC9AbXJUNuPLLLyk_B1lYxwNf2j9qbX-ZjFpYXK8aviAt6--Bgzpz6nVD8ZDvdIBnRCWnCRIqfNO5HxBOKmsrx-NPNWq4t_6OCCLxOBBCYlg47Dyr7NjCf9_2v9C8Q44PQwldj9zw6ySZHZyAM_mTZlMPz2aDloxOSMUUmpGuLnTrGOh0QD15ZaqvfTl-qZugfkN_nxJqjQwPEuMPA-mEyq5rWuw56Nj63o36dC1BT-VQoi-ontt7d0rMh0blVuPrfsSVLUwpL2oZ2Av2A9qDwz2UryTk7K_AK95A3DwTW-8PHZ0TZ8uy_EGUOvxL1ShE5O9SE34qkXDeRS4rj9-qNJlPKgtYWEiVYuuktVElQnu5wlQLrOVxBaie96FC_Ax5xTr7uKsGaTMF6CiaF5F6srz16rCbZTGpb5b-wjQ_7N7rAwRB7_isNaPgQVL1kL3HMAEzvGx54kF4AQBiAW5wIK4UsAFBfoFBgglEAEYAKAGLoAH9eqMoASoB6fMsQKoB-LYsQKoB6a-G6gHzM6xAqgH89EbqAeW2BuoB6qbsQKoB47OG6gHk9gbqAfw4BuoB-6WsQKoB_6esQKoB6--sQKoB9m2sQKoB5oGqAf_nrECqAffn7ECqAf4wrECqAfi2LECqAfi2LECqAfi2LEC2AcA-gcdY29tLm1hZ2F6b3JkLnNpdGUubW92ZWlzYWx2aW7ACAHSCC8IgGEQARidATIIioKAgICAgAg6DYBAgMCAgICAqIACqANIvf3BOljPy5_tuNWTA4AKA5ALA5gLAcgLAYAMAaIMBUgBkAEBqg0CQlLIDQHiDRMIpfuf7bjVkwMVXQR3BB0g9SmS6g0TCJ2Qoe241ZMDFV0EdwQdIPUpkvANAogO____________AbAOtafaihjgEszrxcT9qbeQ4wHYEwvQFQHpFTGEgsgRddyG8BXauMPhAvoVB0FMMjU3LTGYFgHKFgIKAPgWAYAXAbIXEBgBKgozODUyNjA3NDM4UAa6FwI4AaoYFwkAAAAAII4HQRIKMzg1MjYwNzQzOBgBshgJEgKtURguIgEA0BgBwhkCCAE&ae=1&gclid=EAIaIQobChMI-Nyh7bjVkwMVXQR3BB0g9SmSEAEYASABEgLABvD_BwE&num=1&cid=CAQS5AEABaugfclVFWMgenj8z0FshknMzbFamFn2Uuj7IgFZXixJ8mj6C0kbOAEnd5QeF-0dG_UXwY2qWnTLoXOekgis6zKbWVz0e9qGIGovnM22UgXrPeZQ4GilUao5jsDArZATpHwxNrH5fEwqOWxP82FQ25iijG6CwoIoxiPBmn2_YMzN-iPVTeKkisBAr9Trmj6OPSpQj9my9iKRb8-csVkSxWD6fET_f_3NsEjNVBe97oMQunv5EPhZCH5XMS1DlVtZ0Suhvhf14u7Dsuap5cbbkoYQ5KCspxDua9gq9BzWX2cMqtsYAQ&sig=AOD64_1c330NUwsoz1FZujoFvQPuIllARA&ctype=5&client=ca-pub-6453680425766689&nb=9&adurl=https://www.moveisalvin.com.br/conjunto-mesa-espanha-110-cm-4-poltronas-denver-cor-mel-estofado-facto-modena-ocre%3Futm_source%3Dgoogle%26utm_medium%3DShopping%26utm_campaign%3Dconjunto-mesa-espanha-110-cm-4-poltronas-denver-cor-mel-estofado-facto-modena-ocre%26inStock%26gad_source%3D5%26gad_campaignid%3D22129188921%26gclid%3DEAIaIQobChMI-Nyh7bjVkwMVXQR3BB0g9SmSEAEYASABEgLABvD_BwE%23derivacao%3D91/123,2,moveisalvin.com.br,google.com,URI
441,https://www.googleadservices.com/pagead/aclk?sa=L&ai=C-R5IjqvRaae8MNGWjeYPkdmDAd7ov6CGAc2R5aynFdnZHhABIIeun6YBYM2g74CsA6ABgNmksynIAQGpApfKa6n6UrM-4AIAqAMByAMKqgTDAk_QaUjfreT0CA5tr6dh2W68i_2Yve_36X9r-CsF8acyUz7biabIqO2VTnmKJcPwBTBU-3qCyYCEE9krykZtdkg231DE-aubgu_QL4N-3aKKRLINTTkcV9cx25vyOXLpz9K9AZbDN407eq1SQDWJyveL9xSkE4j4-MMEGY-y0UVkN7C30bTXoZByb1vDzMLKTbdXGK13vow5em6I_4TR11QgV4vnXjsmJgRz9TDWUK-709gy91NPMInMlmB4bN2By0BJ80EposzJ-_fEvjcrs6fKd_s6LU3RFVW6bI878OOMZPRizasxrhBMeXNHk_jfeZnR81CHkLNtpy3aEBNO2yNveqDGFPHocdLoB27_xgrjTWSWiHA3w9o7l6KAkRidtMhtYMjvNkcmSglPX3eQvo4gRDfCvoIXCMjfsHbBzylZMbdmwAT0icCs1wXgBAGIBYHfjfdXoAZmgAeAkfWSBKgHp8yxAqgH4tixAqgHpr4bqAfMzrECqAfz0RuoB5bYG6gHqpuxAqgHjs4bqAeT2BuoB_DgG6gH7paxAqgH_p6xAqgHr76xAqgH1ckbqAfZtrECqAeaBqgH_56xAqgH35-xAqgH-MKxAqgH-8KxAtgHAdIILwiAYRABGJ0BMgiKgoCAgICACDoNgECAwICAgICogAKoA0i9_cE6WJPLjIC51ZMDsQkuQ4aBumkWsoAKA5gLAcgLAaIMA5ABAaoNAkJSyA0B4g0TCNfwjIC51ZMDFVFLwwYdkewgAOoNEwjHjI6AudWTAxVRS8MGHZHsIADwDQKIDv___________wHYEwqIFAHQFQGYFgHKFgIKAPgWAYAXAbIXEBgBKgozMzAwMTE1NjMzUAa6FwI4AaoYFwkAAAAAIHXtQBIKMzMwMDExNTYzMxgBshgJEgKLVBhmIgEA0BgBwhkCCAE&ae=1&gclid=EAIaIQobChMIp7uOgLnVkwMVUUvDBh2R7CAAEAEYASAAEgINSPD_BwE&num=1&cid=CAQS0gEABaugfdoddlSB90XI6t3Kbz1qjR-yUouqrMEqswHYYQ3Oeu-H4PGSICAdCiU23pGB-UDJLvxKFqVegy-zgMH4GHPhXgagT4qyMbRoWALeG3RHAnCja_itrPXUW1lpAGCJPTBiaFl4uJQEdgea8Ud58OJVMQaqJH4VV0MPxLTt-iKmstI6jMZBAfuoD8ZopqJ-ejP7Gv1xVOwUQXz1e6QmF8PN0fxP1fMbyEnf_7ccjstwp6pqw3D7alnjhuB7F6PaqBul9vBe0sOOtVg1h-t--_wYAQ&sig=AOD64_0g4-HfKVgnQXLyXiX9iNOTq7SpOQ&client=ca-pub-1277376307232638&rf=4&nb=0&adurl=https://www.utn.de/en/study/ai-robotics-en/%3Futm_campaign%3Dtriebwerk_g_cpc%26utm_medium%3Dcpc%26utm_source%3Dgoogle%26utm_content%3Dworldwide-air%26gad_source%3D5%26gad_campaignid%3D23603670913%26gclid%3DEAIaIQobChMIp7uOgLnVkwMVUUvDBh2R7CAAEAEYASAAEgINSPD_BwE,2,utn.de,googleadservices.com,URI
474,https://www.googleadservices.com/pagead/aclk?sa=L&ai=CLLJPztXQafWQENasvcAP3e_0wQSlwuP4hQGwvOSvthOq9rzkqUMQASCgwYUeYImLxIT0E6AB2LCh7wPIAQmpApeGS1BMJrY-4AIAqAMByAPLBKoEsgJP0HwGPM57Unn7RQuLcMGBmteBjye6EjJ7TULhGneJorn9PWB8BTrg7q01zkGDTphyvZVOKS5diidemL4j2NB2ttkxG7vcNa3JcDudlPab1l8Eg6lnHjps1B0skDD06PvUlE4yGDYFeH5F1NUeQR-AWawbg_2xqlf9LBh3bDXcUoi36SmOgY3Jblv0KSAQn5KeLOMDDSIfDKoJ_NBXb03Lum84jfv8ThdvVqmDH2vIIoUmNga6UMGPUmDAxV4ZsGrU4_InH2KHVW9DMv1AJGEjhR6TNmetubGICpFrpotnqjwkZlQGfQ2-fAqNxq1PsfKS9XDTt51tQ6cNGKNyCfAaPvxi2NRinRzK-xnFyoA55BnXuz8L7fEA3HtM346AEXT917rdU44nlrcMeyWsBB9NO5vABOS6utr2BOAEAYgF9ffhq1H6BQYIJRABGACgBi6AB4q-ydQDqAenzLECqAemvhuoB8zOsQKoB_PRG6gHltgbqAeqm7ECqAeOzhuoB5PYG6gH8OAbqAfulrECqAf-nrECqAevvrECqAfZtrECqAeaBqgH_56xAqgH35-xAqgH-MKxAtgHAPoHG25ldC5za3lzY2FubmVyLmFuZHJvaWQubWFpbsAIAdIIMgiA4YAQEAEYnQEyCKqCgICAgIAIOg6AwAOAgISAgJSu4AOoB0i9_cE6WIjQppPt05MDgAoDkAsDmAsByAsBgAwBogwCSAGqDQJKUMgNAeINEwjbqKeT7dOTAxVWVg8CHd03PUjqDRMIyO2pk-3TkwMVVlYPAh3dNz1I8A0CiA7___________8B2BMLiBQB0BUByhYCCgD4FgGAFwGyFxAYASoKMjM3MDEwOTQxNVAGuhcCOAGqGBcJAAAAACQuFUESCjIzNzAxMDk0MTUYAbIYCRICoE8YLiIBANAYAegYAcIZAggB&ae=1&gclid=EAIaIQobChMI9a-qk-3TkwMVVlYPAh3dNz1IEAEYASABEgLljvD_BwE&num=1&cid=CAQScQAFq6B9GeElYd1DybO3YcPaxdoFOSoQoK8DuBpdM7SaFfLwQk6YmeEzslQgl50h9y1OZTsAguGYJLwjEXyImKEa26l98GVopffjK8LdXrK17KncZpsgh_ShMUhA1Rc6-xPpONWJ-uSzGJqSUZKCfb--GAE&sig=AOD64_0U_S9fFVArjhDSlyV7Y56zbEcFVA&client=ca-pub-8625962252420196&nb=9&adurl=https://www.skyscanner.net/transport/flights/JP/KR/cheapest-flights-from-Japan-to-South-Korea.html%3Foym%3Danytime%26iym%3Danytime%26preferDirects%3Dfalse%26utm_campaign%3Duk-flights-display-midfunnel-feedbasedads%26EAIaIQobChMI9a-qk-3TkwMVVlYPAh3dNz1IEAEYASABEgLljvD_BwE%26utm_medium%3Ddisplay%26utm_source%3Dgoogle%26utm_content%3Dfeed%26campaignid%3D21835054069%26adgroupid%3D169304038756%26AssociateID%3DDIS_FLI_19465_00000%26gad_source%3D5%26gad_campaignid%3D21835054069%26gclid%3DEAIaIQobChMI9a-qk-3TkwMVVlYPAh3dNz1IEAEYASABEgLljvD_BwE,3,skyscanner.co.za,googleadservices.com,PAYLOAD
474,https://www.googleadservices.com/pagead/aclk?sa=L&ai=CLLJPztXQafWQENasvcAP3e_0wQSlwuP4hQGwvOSvthOq9rzkqUMQASCgwYUeYImLxIT0E6AB2LCh7wPIAQmpApeGS1BMJrY-4AIAqAMByAPLBKoEsgJP0HwGPM57Unn7RQuLcMGBmteBjye6EjJ7TULhGneJorn9PWB8BTrg7q01zkGDTphyvZVOKS5diidemL4j2NB2ttkxG7vcNa3JcDudlPab1l8Eg6lnHjps1B0skDD06PvUlE4yGDYFeH5F1NUeQR-AWawbg_2xqlf9LBh3bDXcUoi36SmOgY3Jblv0KSAQn5KeLOMDDSIfDKoJ_NBXb03Lum84jfv8ThdvVqmDH2vIIoUmNga6UMGPUmDAxV4ZsGrU4_InH2KHVW9DMv1AJGEjhR6TNmetubGICpFrpotnqjwkZlQGfQ2-fAqNxq1PsfKS9XDTt51tQ6cNGKNyCfAaPvxi2NRinRzK-xnFyoA55BnXuz8L7fEA3HtM346AEXT917rdU44nlrcMeyWsBB9NO5vABOS6utr2BOAEAYgF9ffhq1H6BQYIJRABGACgBi6AB4q-ydQDqAenzLECqAemvhuoB8zOsQKoB_PRG6gHltgbqAeqm7ECqAeOzhuoB5PYG6gH8OAbqAfulrECqAf-nrECqAevvrECqAfZtrECqAeaBqgH_56xAqgH35-xAqgH-MKxAtgHAPoHG25ldC5za3lzY2FubmVyLmFuZHJvaWQubWFpbsAIAdIIMgiA4YAQEAEYnQEyCKqCgICAgIAIOg6AwAOAgISAgJSu4AOoB0i9_cE6WIjQppPt05MDgAoDkAsDmAsByAsBgAwBogwCSAGqDQJKUMgNAeINEwjbqKeT7dOTAxVWVg8CHd03PUjqDRMIyO2pk-3TkwMVVlYPAh3dNz1I8A0CiA7___________8B2BMLiBQB0BUByhYCCgD4FgGAFwGyFxAYASoKMjM3MDEwOTQxNVAGuhcCOAGqGBcJAAAAACQuFUESCjIzNzAxMDk0MTUYAbIYCRICoE8YLiIBANAYAegYAcIZAggB&ae=1&gclid=EAIaIQobChMI9a-qk-3TkwMVVlYPAh3dNz1IEAEYASABEgLljvD_BwE&num=1&cid=CAQScQAFq6B9GeElYd1DybO3YcPaxdoFOSoQoK8DuBpdM7SaFfLwQk6YmeEzslQgl50h9y1OZTsAguGYJLwjEXyImKEa26l98GVopffjK8LdXrK17KncZpsgh_ShMUhA1Rc6-xPpONWJ-uSzGJqSUZKCfb--GAE&sig=AOD64_0U_S9fFVArjhDSlyV7Y56zbEcFVA&client=ca-pub-8625962252420196&nb=9&adurl=https://www.skyscanner.net/transport/flights/JP/KR/cheapest-flights-from-Japan-to-South-Korea.html%3Foym%3Danytime%26iym%3Danytime%26preferDirects%3Dfalse%26utm_campaign%3Duk-flights-display-midfunnel-feedbasedads%26EAIaIQobChMI9a-qk-3TkwMVVlYPAh3dNz1IEAEYASABEgLljvD_BwE%26utm_medium%3Ddisplay%26utm_source%3Dgoogle%26utm_content%3Dfeed%26campaignid%3D21835054069%26adgroupid%3D169304038756%26AssociateID%3DDIS_FLI_19465_00000%26gad_source%3D5%26gad_campaignid%3D21835054069%26gclid%3DEAIaIQobChMI9a-qk-3TkwMVVlYPAh3dNz1IEAEYASABEgLljvD_BwE,3,skyscanner.co.za,googleadservices.com,URI
474,https://www.googleadservices.com/pagead/aclk?sa=L&ai=CLLJPztXQafWQENasvcAP3e_0wQSlwuP4hQGwvOSvthOq9rzkqUMQASCgwYUeYImLxIT0E6AB2LCh7wPIAQmpApeGS1BMJrY-4AIAqAMByAPLBKoEsgJP0HwGPM57Unn7RQuLcMGBmteBjye6EjJ7TULhGneJorn9PWB8BTrg7q01zkGDTphyvZVOKS5diidemL4j2NB2ttkxG7vcNa3JcDudlPab1l8Eg6lnHjps1B0skDD06PvUlE4yGDYFeH5F1NUeQR-AWawbg_2xqlf9LBh3bDXcUoi36SmOgY3Jblv0KSAQn5KeLOMDDSIfDKoJ_NBXb03Lum84jfv8ThdvVqmDH2vIIoUmNga6UMGPUmDAxV4ZsGrU4_InH2KHVW9DMv1AJGEjhR6TNmetubGICpFrpotnqjwkZlQGfQ2-fAqNxq1PsfKS9XDTt51tQ6cNGKNyCfAaPvxi2NRinRzK-xnFyoA55BnXuz8L7fEA3HtM346AEXT917rdU44nlrcMeyWsBB9NO5vABOS6utr2BOAEAYgF9ffhq1H6BQYIJRABGACgBi6AB4q-ydQDqAenzLECqAemvhuoB8zOsQKoB_PRG6gHltgbqAeqm7ECqAeOzhuoB5PYG6gH8OAbqAfulrECqAf-nrECqAevvrECqAfZtrECqAeaBqgH_56xAqgH35-xAqgH-MKxAtgHAPoHG25ldC5za3lzY2FubmVyLmFuZHJvaWQubWFpbsAIAdIIMgiA4YAQEAEYnQEyCKqCgICAgIAIOg6AwAOAgISAgJSu4AOoB0i9_cE6WIjQppPt05MDgAoDkAsDmAsByAsBgAwBogwCSAGqDQJKUMgNAeINEwjbqKeT7dOTAxVWVg8CHd03PUjqDRMIyO2pk-3TkwMVVlYPAh3dNz1I8A0CiA7___________8B2BMLiBQB0BUByhYCCgD4FgGAFwGyFxAYASoKMjM3MDEwOTQxNVAGuhcCOAGqGBcJAAAAACQuFUESCjIzNzAxMDk0MTUYAbIYCRICoE8YLiIBANAYAegYAcIZAggB&ae=1&gclid=EAIaIQobChMI9a-qk-3TkwMVVlYPAh3dNz1IEAEYASABEgLljvD_BwE&num=1&cid=CAQScQAFq6B9GeElYd1DybO3YcPaxdoFOSoQoK8DuBpdM7SaFfLwQk6YmeEzslQgl50h9y1OZTsAguGYJLwjEXyImKEa26l98GVopffjK8LdXrK17KncZpsgh_ShMUhA1Rc6-xPpONWJ-uSzGJqSUZKCfb--GAE&sig=AOD64_0U_S9fFVArjhDSlyV7Y56zbEcFVA&client=ca-pub-8625962252420196&nb=9&adurl=https://www.skyscanner.net/transport/flights/JP/KR/cheapest-flights-from-Japan-to-South-Korea.html%3Foym%3Danytime%26iym%3Danytime%26preferDirects%3Dfalse%26utm_campaign%3Duk-flights-display-midfunnel-feedbasedads%26EAIaIQobChMI9a-qk-3TkwMVVlYPAh3dNz1IEAEYASABEgLljvD_BwE%26utm_medium%3Ddisplay%26utm_source%3Dgoogle%26utm_content%3Dfeed%26campaignid%3D21835054069%26adgroupid%3D169304038756%26AssociateID%3DDIS_FLI_19465_00000%26gad_source%3D5%26gad_campaignid%3D21835054069%26gclid%3DEAIaIQobChMI9a-qk-3TkwMVVlYPAh3dNz1IEAEYASABEgLljvD_BwE,1,skyscanner.net,googleadservices.com,URI
474,https://www.googleadservices.com/pagead/aclk?sa=L&ai=CLLJPztXQafWQENasvcAP3e_0wQSlwuP4hQGwvOSvthOq9rzkqUMQASCgwYUeYImLxIT0E6AB2LCh7wPIAQmpApeGS1BMJrY-4AIAqAMByAPLBKoEsgJP0HwGPM57Unn7RQuLcMGBmteBjye6EjJ7TULhGneJorn9PWB8BTrg7q01zkGDTphyvZVOKS5diidemL4j2NB2ttkxG7vcNa3JcDudlPab1l8Eg6lnHjps1B0skDD06PvUlE4yGDYFeH5F1NUeQR-AWawbg_2xqlf9LBh3bDXcUoi36SmOgY3Jblv0KSAQn5KeLOMDDSIfDKoJ_NBXb03Lum84jfv8ThdvVqmDH2vIIoUmNga6UMGPUmDAxV4ZsGrU4_InH2KHVW9DMv1AJGEjhR6TNmetubGICpFrpotnqjwkZlQGfQ2-fAqNxq1PsfKS9XDTt51tQ6cNGKNyCfAaPvxi2NRinRzK-xnFyoA55BnXuz8L7fEA3HtM346AEXT917rdU44nlrcMeyWsBB9NO5vABOS6utr2BOAEAYgF9ffhq1H6BQYIJRABGACgBi6AB4q-ydQDqAenzLECqAemvhuoB8zOsQKoB_PRG6gHltgbqAeqm7ECqAeOzhuoB5PYG6gH8OAbqAfulrECqAf-nrECqAevvrECqAfZtrECqAeaBqgH_56xAqgH35-xAqgH-MKxAtgHAPoHG25ldC5za3lzY2FubmVyLmFuZHJvaWQubWFpbsAIAdIIMgiA4YAQEAEYnQEyCKqCgICAgIAIOg6AwAOAgISAgJSu4AOoB0i9_cE6WIjQppPt05MDgAoDkAsDmAsByAsBgAwBogwCSAGqDQJKUMgNAeINEwjbqKeT7dOTAxVWVg8CHd03PUjqDRMIyO2pk-3TkwMVVlYPAh3dNz1I8A0CiA7___________8B2BMLiBQB0BUByhYCCgD4FgGAFwGyFxAYASoKMjM3MDEwOTQxNVAGuhcCOAGqGBcJAAAAACQuFUESCjIzNzAxMDk0MTUYAbIYCRICoE8YLiIBANAYAegYAcIZAggB&ae=1&gclid=EAIaIQobChMI9a-qk-3TkwMVVlYPAh3dNz1IEAEYASABEgLljvD_BwE&num=1&cid=CAQScQAFq6B9GeElYd1DybO3YcPaxdoFOSoQoK8DuBpdM7SaFfLwQk6YmeEzslQgl50h9y1OZTsAguGYJLwjEXyImKEa26l98GVopffjK8LdXrK17KncZpsgh_ShMUhA1Rc6-xPpONWJ-uSzGJqSUZKCfb--GAE&sig=AOD64_0U_S9fFVArjhDSlyV7Y56zbEcFVA&client=ca-pub-8625962252420196&nb=9&adurl=https://www.skyscanner.net/transport/flights/JP/KR/cheapest-flights-from-Japan-to-South-Korea.html%3Foym%3Danytime%26iym%3Danytime%26preferDirects%3Dfalse%26utm_campaign%3Duk-flights-display-midfunnel-feedbasedads%26EAIaIQobChMI9a-qk-3TkwMVVlYPAh3dNz1IEAEYASABEgLljvD_BwE%26utm_medium%3Ddisplay%26utm_source%3Dgoogle%26utm_content%3Dfeed%26campaignid%3D21835054069%26adgroupid%3D169304038756%26AssociateID%3DDIS_FLI_19465_00000%26gad_source%3D5%26gad_campaignid%3D21835054069%26gclid%3DEAIaIQobChMI9a-qk-3TkwMVVlYPAh3dNz1IEAEYASABEgLljvD_BwE,5,skyscanner.net,googleadservices.com,URI
477,https://googleads.g.doubleclick.net/aclk?sa=l&ai=CuYbv-snQacmoKqaQ29gP696U8QWrtP6hhgHhpJOnxxXAj9a62RoQASDmtM-ZAWCJi8SE9BOgAZy4x5cDyAECqQKMvVuyXeY6PuACAKgDAcgDCKoE7QJP0CztnT_knmP56AIXgqBZcSAa3c9BmN5hqx49qpxxeN2f1aTRp3aIL2Baa5stM0tSpe7SnPfrAe18b_WvCG3zo7xdEBespzwd4pUAtl4fyN6KTAZ6_qrpD4oqKfLyWPxiwsal5Al6N4_vnV8mmbKI-mAPV8UiizYTw1eLCgd0Sza0xZgYjOBuxWFU3G8f5QlzlRizT8v9wDvkzBuN1P5Xxf9qfjSSF0ZmXdBsejWoUwUjnnfGUdZD1VnaQknQn7bqR0Ryu8xtIzSMJAVkbX-7DKSA0y0tUvyNMG5oHLF6nYEFhFjI6wMhD3sQrJ279GlyTODQF9RjMo-5cSngIsVy4EutJ9Hxr4Qp4gW5aMYAiTddU0fRLZPoeRnhrjfxKLbWZ9XkeEeseR4rsx1v83mRnDebPR8GY29RLrJEv6QHpOrAUpvAhLt68KPtoevPmaCKCfp9b2aja25M1hPu1SAOzthDzn05j1P2lVBu-sAE2dWK78oF4AQBiAXWjq7RV6AGAoAHzMe4aKgHp8yxAqgH4tixAqgHpr4bqAfMzrECqAfz0RuoB5bYG6gHqpuxAqgHjs4bqAeT2BuoB_DgG6gH7paxAqgH_p6xAqgHr76xAqgH1ckbqAfZtrECqAeaBqgH_56xAqgH35-xAqgH-MKxAqgH-8KxAqgHwsixAtgHAdIIMgiB4YBgEAEYnQEyCMuKgICAgIAKOg6AgASAwICAgICogAKoA0i9_cE6WNvk1O_h05MDsQldOf2RBQM2aIAKA4oKnQFodHRwczovL3Jjdi5peGQuZG1tLmNvbS9hcGkvc3VybD9yZWRpcmVjdGlvbl91cmw9aHR0cHM6Ly9hZC5nYW1lcy5kbW0uY29tL3JseWVoc2hvdWpvdGFpX2MwMi9pbmRleC5odG1sJnVyaWQ9aVVxMWppMDUmZ2FkX3NvdXJjZT01JmdhZF9jYW1wYWlnbmlkPTIzNTI0NTA5NTI2mAsByAsB4AsBogwDkAEBqg0CSlDIDQHiDRMI6ZPV7-HTkwMVJsgWBR1rLyVe6g0TCKKx1e_h05MDFSbIFgUday8lXvANAogO____________AdgTDNAVAZgWAcoWAgoA-BYBgBcBshcQGAEqCjUxMDM4Nzk0ODNQBroXAjgBqhgXCf____-_sO5AEgo1MTAzODc5NDgzGAGyGAkSArBTGAIiAQDQGAHoGAHCGQIIAQ&ae=1&gclid=EAIaIQobChMIyY3W7-HTkwMVJsgWBR1rLyVeEAEYASAAEgJJPPD_BwE&num=1&sig=AOD64_2qTbZZ6wWgPfYxxOQGOYLaxnnd-A&client=ca-pub-3677668629134422&rf=5&nx=CLICK_X&ny=CLICK_Y&uap=UACH(platform)&uapv=UACH(platformVersion)&uaa=UACH(architecture)&uam=UACH(model)&uafv=UACH(uaFullVersion)&uab=UACH(bitness)&uaw=UACH(wow64)&uafvl=UACH(fullVersionList)&nb=2&adurl=https://ad.games.dmm.com/rlyehshoujotai_c02/index.html%3Fgad_source%3D5%26gad_campaignid%3D23524509526%26gclid%3DEAIaIQobChMIyY3W7-HTkwMVJsgWBR1rLyVeEAEYASAAEgJJPPD_BwE,2,dmm.com,googleadservices.com,URI
477,https://googleads.g.doubleclick.net/aclk?sa=l&ai=CuYbv-snQacmoKqaQ29gP696U8QWrtP6hhgHhpJOnxxXAj9a62RoQASDmtM-ZAWCJi8SE9BOgAZy4x5cDyAECqQKMvVuyXeY6PuACAKgDAcgDCKoE7QJP0CztnT_knmP56AIXgqBZcSAa3c9BmN5hqx49qpxxeN2f1aTRp3aIL2Baa5stM0tSpe7SnPfrAe18b_WvCG3zo7xdEBespzwd4pUAtl4fyN6KTAZ6_qrpD4oqKfLyWPxiwsal5Al6N4_vnV8mmbKI-mAPV8UiizYTw1eLCgd0Sza0xZgYjOBuxWFU3G8f5QlzlRizT8v9wDvkzBuN1P5Xxf9qfjSSF0ZmXdBsejWoUwUjnnfGUdZD1VnaQknQn7bqR0Ryu8xtIzSMJAVkbX-7DKSA0y0tUvyNMG5oHLF6nYEFhFjI6wMhD3sQrJ279GlyTODQF9RjMo-5cSngIsVy4EutJ9Hxr4Qp4gW5aMYAiTddU0fRLZPoeRnhrjfxKLbWZ9XkeEeseR4rsx1v83mRnDebPR8GY29RLrJEv6QHpOrAUpvAhLt68KPtoevPmaCKCfp9b2aja25M1hPu1SAOzthDzn05j1P2lVBu-sAE2dWK78oF4AQBiAXWjq7RV6AGAoAHzMe4aKgHp8yxAqgH4tixAqgHpr4bqAfMzrECqAfz0RuoB5bYG6gHqpuxAqgHjs4bqAeT2BuoB_DgG6gH7paxAqgH_p6xAqgHr76xAqgH1ckbqAfZtrECqAeaBqgH_56xAqgH35-xAqgH-MKxAqgH-8KxAqgHwsixAtgHAdIIMgiB4YBgEAEYnQEyCMuKgICAgIAKOg6AgASAwICAgICogAKoA0i9_cE6WNvk1O_h05MDsQldOf2RBQM2aIAKA4oKnQFodHRwczovL3Jjdi5peGQuZG1tLmNvbS9hcGkvc3VybD9yZWRpcmVjdGlvbl91cmw9aHR0cHM6Ly9hZC5nYW1lcy5kbW0uY29tL3JseWVoc2hvdWpvdGFpX2MwMi9pbmRleC5odG1sJnVyaWQ9aVVxMWppMDUmZ2FkX3NvdXJjZT01JmdhZF9jYW1wYWlnbmlkPTIzNTI0NTA5NTI2mAsByAsB4AsBogwDkAEBqg0CSlDIDQHiDRMI6ZPV7-HTkwMVJsgWBR1rLyVe6g0TCKKx1e_h05MDFSbIFgUday8lXvANAogO____________AdgTDNAVAZgWAcoWAgoA-BYBgBcBshcQGAEqCjUxMDM4Nzk0ODNQBroXAjgBqhgXCf____-_sO5AEgo1MTAzODc5NDgzGAGyGAkSArBTGAIiAQDQGAHoGAHCGQIIAQ&ae=1&gclid=EAIaIQobChMIyY3W7-HTkwMVJsgWBR1rLyVeEAEYASAAEgJJPPD_BwE&num=1&sig=AOD64_2qTbZZ6wWgPfYxxOQGOYLaxnnd-A&client=ca-pub-3677668629134422&rf=5&nx=CLICK_X&ny=CLICK_Y&uap=UACH(platform)&uapv=UACH(platformVersion)&uaa=UACH(architecture)&uam=UACH(model)&uafv=UACH(uaFullVersion)&uab=UACH(bitness)&uaw=UACH(wow64)&uafvl=UACH(fullVersionList)&nb=2&adurl=https://ad.games.dmm.com/rlyehshoujotai_c02/index.html%3Fgad_source%3D5%26gad_campaignid%3D23524509526%26gclid%3DEAIaIQobChMIyY3W7-HTkwMVJsgWBR1rLyVeEAEYASAAEgJJPPD_BwE,2,dmm.com,doubleclick.net,URI
